[2025-01-10 08:30:27] local.ERROR: Please provide a valid cache path. {"exception":"[object] (InvalidArgumentException(code: 0): Please provide a valid cache path. at /home/mohammadi/Desktop/5G-back/vendor/laravel/framework/src/Illuminate/View/Compilers/Compiler.php:67)
[stacktrace]
#0 /home/mohammadi/Desktop/5G-back/vendor/laravel/framework/src/Illuminate/View/ViewServiceProvider.php(97): Illuminate\\View\\Compilers\\Compiler->__construct()
#1 /home/mohammadi/Desktop/5G-back/vendor/laravel/framework/src/Illuminate/Container/Container.php(931): Illuminate\\View\\ViewServiceProvider->Illuminate\\View\\{closure}()
#2 /home/mohammadi/Desktop/5G-back/vendor/laravel/framework/src/Illuminate/Container/Container.php(815): Illuminate\\Container\\Container->build()
#3 /home/mohammadi/Desktop/5G-back/vendor/laravel/framework/src/Illuminate/Foundation/Application.php(1046): Illuminate\\Container\\Container->resolve()
#4 /home/mohammadi/Desktop/5G-back/vendor/laravel/framework/src/Illuminate/Container/Container.php(751): Illuminate\\Foundation\\Application->resolve()
#5 /home/mohammadi/Desktop/5G-back/vendor/laravel/framework/src/Illuminate/Foundation/Application.php(1028): Illuminate\\Container\\Container->make()
#6 /home/mohammadi/Desktop/5G-back/vendor/laravel/framework/src/Illuminate/Container/Container.php(1559): Illuminate\\Foundation\\Application->make()
#7 /home/mohammadi/Desktop/5G-back/vendor/laravel/framework/src/Illuminate/Support/Facades/Facade.php(237): Illuminate\\Container\\Container->offsetGet()
#8 /home/mohammadi/Desktop/5G-back/vendor/laravel/framework/src/Illuminate/Support/Facades/Facade.php(208): Illuminate\\Support\\Facades\\Facade::resolveFacadeInstance()
#9 /home/mohammadi/Desktop/5G-back/vendor/laravel/framework/src/Illuminate/Support/Facades/Facade.php(352): Illuminate\\Support\\Facades\\Facade::getFacadeRoot()
#10 /home/mohammadi/Desktop/5G-back/Modules/Log/app/Providers/LogServiceProvider.php(96): Illuminate\\Support\\Facades\\Facade::__callStatic()
#11 /home/mohammadi/Desktop/5G-back/Modules/Log/app/Providers/LogServiceProvider.php(26): Modules\\Log\\Providers\\LogServiceProvider->registerViews()
#12 /home/mohammadi/Desktop/5G-back/vendor/laravel/framework/src/Illuminate/Container/BoundMethod.php(36): Modules\\Log\\Providers\\LogServiceProvider->boot()
#13 /home/mohammadi/Desktop/5G-back/vendor/laravel/framework/src/Illuminate/Container/Util.php(43): Illuminate\\Container\\BoundMethod::Illuminate\\Container\\{closure}()
#14 /home/mohammadi/Desktop/5G-back/vendor/laravel/framework/src/Illuminate/Container/BoundMethod.php(95): Illuminate\\Container\\Util::unwrapIfClosure()
#15 /home/mohammadi/Desktop/5G-back/vendor/laravel/framework/src/Illuminate/Container/BoundMethod.php(35): Illuminate\\Container\\BoundMethod::callBoundMethod()
#16 /home/mohammadi/Desktop/5G-back/vendor/laravel/framework/src/Illuminate/Container/Container.php(690): Illuminate\\Container\\BoundMethod::call()
#17 /home/mohammadi/Desktop/5G-back/vendor/laravel/framework/src/Illuminate/Foundation/Application.php(1119): Illuminate\\Container\\Container->call()
#18 /home/mohammadi/Desktop/5G-back/vendor/laravel/framework/src/Illuminate/Foundation/Application.php(1100): Illuminate\\Foundation\\Application->bootProvider()
#19 [internal function]: Illuminate\\Foundation\\Application->Illuminate\\Foundation\\{closure}()
#20 /home/mohammadi/Desktop/5G-back/vendor/laravel/framework/src/Illuminate/Foundation/Application.php(1099): array_walk()
#21 /home/mohammadi/Desktop/5G-back/vendor/laravel/framework/src/Illuminate/Foundation/Bootstrap/BootProviders.php(17): Illuminate\\Foundation\\Application->boot()
#22 /home/mohammadi/Desktop/5G-back/vendor/laravel/framework/src/Illuminate/Foundation/Application.php(316): Illuminate\\Foundation\\Bootstrap\\BootProviders->bootstrap()
#23 /home/mohammadi/Desktop/5G-back/vendor/laravel/framework/src/Illuminate/Foundation/Console/Kernel.php(473): Illuminate\\Foundation\\Application->bootstrapWith()
#24 /home/mohammadi/Desktop/5G-back/vendor/laravel/framework/src/Illuminate/Foundation/Console/Kernel.php(195): Illuminate\\Foundation\\Console\\Kernel->bootstrap()
#25 Command line code(1): Illuminate\\Foundation\\Console\\Kernel->handle()
#26 {main}
"} 
[2025-01-10 08:30:28] local.ERROR: Please provide a valid cache path. {"exception":"[object] (InvalidArgumentException(code: 0): Please provide a valid cache path. at /home/mohammadi/Desktop/5G-back/vendor/laravel/framework/src/Illuminate/View/Compilers/Compiler.php:67)
[stacktrace]
#0 /home/mohammadi/Desktop/5G-back/vendor/laravel/framework/src/Illuminate/View/ViewServiceProvider.php(97): Illuminate\\View\\Compilers\\Compiler->__construct()
#1 /home/mohammadi/Desktop/5G-back/vendor/laravel/framework/src/Illuminate/Container/Container.php(931): Illuminate\\View\\ViewServiceProvider->Illuminate\\View\\{closure}()
#2 /home/mohammadi/Desktop/5G-back/vendor/laravel/framework/src/Illuminate/Container/Container.php(815): Illuminate\\Container\\Container->build()
#3 /home/mohammadi/Desktop/5G-back/vendor/laravel/framework/src/Illuminate/Foundation/Application.php(1046): Illuminate\\Container\\Container->resolve()
#4 /home/mohammadi/Desktop/5G-back/vendor/laravel/framework/src/Illuminate/Container/Container.php(751): Illuminate\\Foundation\\Application->resolve()
#5 /home/mohammadi/Desktop/5G-back/vendor/laravel/framework/src/Illuminate/Foundation/Application.php(1028): Illuminate\\Container\\Container->make()
#6 /home/mohammadi/Desktop/5G-back/vendor/laravel/framework/src/Illuminate/Container/Container.php(1559): Illuminate\\Foundation\\Application->make()
#7 /home/mohammadi/Desktop/5G-back/vendor/laravel/framework/src/Illuminate/Support/Facades/Facade.php(237): Illuminate\\Container\\Container->offsetGet()
#8 /home/mohammadi/Desktop/5G-back/vendor/laravel/framework/src/Illuminate/Support/Facades/Facade.php(208): Illuminate\\Support\\Facades\\Facade::resolveFacadeInstance()
#9 /home/mohammadi/Desktop/5G-back/vendor/laravel/framework/src/Illuminate/Support/Facades/Facade.php(352): Illuminate\\Support\\Facades\\Facade::getFacadeRoot()
#10 /home/mohammadi/Desktop/5G-back/Modules/Log/app/Providers/LogServiceProvider.php(96): Illuminate\\Support\\Facades\\Facade::__callStatic()
#11 /home/mohammadi/Desktop/5G-back/Modules/Log/app/Providers/LogServiceProvider.php(26): Modules\\Log\\Providers\\LogServiceProvider->registerViews()
#12 /home/mohammadi/Desktop/5G-back/vendor/laravel/framework/src/Illuminate/Container/BoundMethod.php(36): Modules\\Log\\Providers\\LogServiceProvider->boot()
#13 /home/mohammadi/Desktop/5G-back/vendor/laravel/framework/src/Illuminate/Container/Util.php(43): Illuminate\\Container\\BoundMethod::Illuminate\\Container\\{closure}()
#14 /home/mohammadi/Desktop/5G-back/vendor/laravel/framework/src/Illuminate/Container/BoundMethod.php(95): Illuminate\\Container\\Util::unwrapIfClosure()
#15 /home/mohammadi/Desktop/5G-back/vendor/laravel/framework/src/Illuminate/Container/BoundMethod.php(35): Illuminate\\Container\\BoundMethod::callBoundMethod()
#16 /home/mohammadi/Desktop/5G-back/vendor/laravel/framework/src/Illuminate/Container/Container.php(690): Illuminate\\Container\\BoundMethod::call()
#17 /home/mohammadi/Desktop/5G-back/vendor/laravel/framework/src/Illuminate/Foundation/Application.php(1119): Illuminate\\Container\\Container->call()
#18 /home/mohammadi/Desktop/5G-back/vendor/laravel/framework/src/Illuminate/Foundation/Application.php(1100): Illuminate\\Foundation\\Application->bootProvider()
#19 [internal function]: Illuminate\\Foundation\\Application->Illuminate\\Foundation\\{closure}()
#20 /home/mohammadi/Desktop/5G-back/vendor/laravel/framework/src/Illuminate/Foundation/Application.php(1099): array_walk()
#21 /home/mohammadi/Desktop/5G-back/vendor/laravel/framework/src/Illuminate/Foundation/Bootstrap/BootProviders.php(17): Illuminate\\Foundation\\Application->boot()
#22 /home/mohammadi/Desktop/5G-back/vendor/laravel/framework/src/Illuminate/Foundation/Application.php(316): Illuminate\\Foundation\\Bootstrap\\BootProviders->bootstrap()
#23 /home/mohammadi/Desktop/5G-back/vendor/laravel/framework/src/Illuminate/Foundation/Console/Kernel.php(473): Illuminate\\Foundation\\Application->bootstrapWith()
#24 /home/mohammadi/Desktop/5G-back/vendor/laravel/framework/src/Illuminate/Foundation/Console/Kernel.php(195): Illuminate\\Foundation\\Console\\Kernel->bootstrap()
#25 Command line code(1): Illuminate\\Foundation\\Console\\Kernel->handle()
#26 {main}
"} 
[2025-01-10 08:30:28] local.ERROR: Please provide a valid cache path. {"exception":"[object] (InvalidArgumentException(code: 0): Please provide a valid cache path. at /home/mohammadi/Desktop/5G-back/vendor/laravel/framework/src/Illuminate/View/Compilers/Compiler.php:67)
[stacktrace]
#0 /home/mohammadi/Desktop/5G-back/vendor/laravel/framework/src/Illuminate/View/ViewServiceProvider.php(97): Illuminate\\View\\Compilers\\Compiler->__construct()
#1 /home/mohammadi/Desktop/5G-back/vendor/laravel/framework/src/Illuminate/Container/Container.php(931): Illuminate\\View\\ViewServiceProvider->Illuminate\\View\\{closure}()
#2 /home/mohammadi/Desktop/5G-back/vendor/laravel/framework/src/Illuminate/Container/Container.php(815): Illuminate\\Container\\Container->build()
#3 /home/mohammadi/Desktop/5G-back/vendor/laravel/framework/src/Illuminate/Foundation/Application.php(1046): Illuminate\\Container\\Container->resolve()
#4 /home/mohammadi/Desktop/5G-back/vendor/laravel/framework/src/Illuminate/Container/Container.php(751): Illuminate\\Foundation\\Application->resolve()
#5 /home/mohammadi/Desktop/5G-back/vendor/laravel/framework/src/Illuminate/Foundation/Application.php(1028): Illuminate\\Container\\Container->make()
#6 /home/mohammadi/Desktop/5G-back/vendor/laravel/framework/src/Illuminate/Container/Container.php(1559): Illuminate\\Foundation\\Application->make()
#7 /home/mohammadi/Desktop/5G-back/vendor/laravel/framework/src/Illuminate/Support/Facades/Facade.php(237): Illuminate\\Container\\Container->offsetGet()
#8 /home/mohammadi/Desktop/5G-back/vendor/laravel/framework/src/Illuminate/Support/Facades/Facade.php(208): Illuminate\\Support\\Facades\\Facade::resolveFacadeInstance()
#9 /home/mohammadi/Desktop/5G-back/vendor/laravel/framework/src/Illuminate/Support/Facades/Facade.php(352): Illuminate\\Support\\Facades\\Facade::getFacadeRoot()
#10 /home/mohammadi/Desktop/5G-back/Modules/Log/app/Providers/LogServiceProvider.php(96): Illuminate\\Support\\Facades\\Facade::__callStatic()
#11 /home/mohammadi/Desktop/5G-back/Modules/Log/app/Providers/LogServiceProvider.php(26): Modules\\Log\\Providers\\LogServiceProvider->registerViews()
#12 /home/mohammadi/Desktop/5G-back/vendor/laravel/framework/src/Illuminate/Container/BoundMethod.php(36): Modules\\Log\\Providers\\LogServiceProvider->boot()
#13 /home/mohammadi/Desktop/5G-back/vendor/laravel/framework/src/Illuminate/Container/Util.php(43): Illuminate\\Container\\BoundMethod::Illuminate\\Container\\{closure}()
#14 /home/mohammadi/Desktop/5G-back/vendor/laravel/framework/src/Illuminate/Container/BoundMethod.php(95): Illuminate\\Container\\Util::unwrapIfClosure()
#15 /home/mohammadi/Desktop/5G-back/vendor/laravel/framework/src/Illuminate/Container/BoundMethod.php(35): Illuminate\\Container\\BoundMethod::callBoundMethod()
#16 /home/mohammadi/Desktop/5G-back/vendor/laravel/framework/src/Illuminate/Container/Container.php(690): Illuminate\\Container\\BoundMethod::call()
#17 /home/mohammadi/Desktop/5G-back/vendor/laravel/framework/src/Illuminate/Foundation/Application.php(1119): Illuminate\\Container\\Container->call()
#18 /home/mohammadi/Desktop/5G-back/vendor/laravel/framework/src/Illuminate/Foundation/Application.php(1100): Illuminate\\Foundation\\Application->bootProvider()
#19 [internal function]: Illuminate\\Foundation\\Application->Illuminate\\Foundation\\{closure}()
#20 /home/mohammadi/Desktop/5G-back/vendor/laravel/framework/src/Illuminate/Foundation/Application.php(1099): array_walk()
#21 /home/mohammadi/Desktop/5G-back/vendor/laravel/framework/src/Illuminate/Foundation/Bootstrap/BootProviders.php(17): Illuminate\\Foundation\\Application->boot()
#22 /home/mohammadi/Desktop/5G-back/vendor/laravel/framework/src/Illuminate/Foundation/Application.php(316): Illuminate\\Foundation\\Bootstrap\\BootProviders->bootstrap()
#23 /home/mohammadi/Desktop/5G-back/vendor/laravel/framework/src/Illuminate/Foundation/Console/Kernel.php(473): Illuminate\\Foundation\\Application->bootstrapWith()
#24 /home/mohammadi/Desktop/5G-back/vendor/laravel/framework/src/Illuminate/Foundation/Console/Kernel.php(195): Illuminate\\Foundation\\Console\\Kernel->bootstrap()
#25 Command line code(1): Illuminate\\Foundation\\Console\\Kernel->handle()
#26 {main}
"} 
[2025-01-10 08:30:28] local.ERROR: Please provide a valid cache path. {"exception":"[object] (InvalidArgumentException(code: 0): Please provide a valid cache path. at /home/mohammadi/Desktop/5G-back/vendor/laravel/framework/src/Illuminate/View/Compilers/Compiler.php:67)
[stacktrace]
#0 /home/mohammadi/Desktop/5G-back/vendor/laravel/framework/src/Illuminate/View/ViewServiceProvider.php(97): Illuminate\\View\\Compilers\\Compiler->__construct()
#1 /home/mohammadi/Desktop/5G-back/vendor/laravel/framework/src/Illuminate/Container/Container.php(931): Illuminate\\View\\ViewServiceProvider->Illuminate\\View\\{closure}()
#2 /home/mohammadi/Desktop/5G-back/vendor/laravel/framework/src/Illuminate/Container/Container.php(815): Illuminate\\Container\\Container->build()
#3 /home/mohammadi/Desktop/5G-back/vendor/laravel/framework/src/Illuminate/Foundation/Application.php(1046): Illuminate\\Container\\Container->resolve()
#4 /home/mohammadi/Desktop/5G-back/vendor/laravel/framework/src/Illuminate/Container/Container.php(751): Illuminate\\Foundation\\Application->resolve()
#5 /home/mohammadi/Desktop/5G-back/vendor/laravel/framework/src/Illuminate/Foundation/Application.php(1028): Illuminate\\Container\\Container->make()
#6 /home/mohammadi/Desktop/5G-back/vendor/laravel/framework/src/Illuminate/Container/Container.php(1559): Illuminate\\Foundation\\Application->make()
#7 /home/mohammadi/Desktop/5G-back/vendor/laravel/framework/src/Illuminate/Support/Facades/Facade.php(237): Illuminate\\Container\\Container->offsetGet()
#8 /home/mohammadi/Desktop/5G-back/vendor/laravel/framework/src/Illuminate/Support/Facades/Facade.php(208): Illuminate\\Support\\Facades\\Facade::resolveFacadeInstance()
#9 /home/mohammadi/Desktop/5G-back/vendor/laravel/framework/src/Illuminate/Support/Facades/Facade.php(352): Illuminate\\Support\\Facades\\Facade::getFacadeRoot()
#10 /home/mohammadi/Desktop/5G-back/Modules/Log/app/Providers/LogServiceProvider.php(96): Illuminate\\Support\\Facades\\Facade::__callStatic()
#11 /home/mohammadi/Desktop/5G-back/Modules/Log/app/Providers/LogServiceProvider.php(26): Modules\\Log\\Providers\\LogServiceProvider->registerViews()
#12 /home/mohammadi/Desktop/5G-back/vendor/laravel/framework/src/Illuminate/Container/BoundMethod.php(36): Modules\\Log\\Providers\\LogServiceProvider->boot()
#13 /home/mohammadi/Desktop/5G-back/vendor/laravel/framework/src/Illuminate/Container/Util.php(43): Illuminate\\Container\\BoundMethod::Illuminate\\Container\\{closure}()
#14 /home/mohammadi/Desktop/5G-back/vendor/laravel/framework/src/Illuminate/Container/BoundMethod.php(95): Illuminate\\Container\\Util::unwrapIfClosure()
#15 /home/mohammadi/Desktop/5G-back/vendor/laravel/framework/src/Illuminate/Container/BoundMethod.php(35): Illuminate\\Container\\BoundMethod::callBoundMethod()
#16 /home/mohammadi/Desktop/5G-back/vendor/laravel/framework/src/Illuminate/Container/Container.php(690): Illuminate\\Container\\BoundMethod::call()
#17 /home/mohammadi/Desktop/5G-back/vendor/laravel/framework/src/Illuminate/Foundation/Application.php(1119): Illuminate\\Container\\Container->call()
#18 /home/mohammadi/Desktop/5G-back/vendor/laravel/framework/src/Illuminate/Foundation/Application.php(1100): Illuminate\\Foundation\\Application->bootProvider()
#19 [internal function]: Illuminate\\Foundation\\Application->Illuminate\\Foundation\\{closure}()
#20 /home/mohammadi/Desktop/5G-back/vendor/laravel/framework/src/Illuminate/Foundation/Application.php(1099): array_walk()
#21 /home/mohammadi/Desktop/5G-back/vendor/laravel/framework/src/Illuminate/Foundation/Bootstrap/BootProviders.php(17): Illuminate\\Foundation\\Application->boot()
#22 /home/mohammadi/Desktop/5G-back/vendor/laravel/framework/src/Illuminate/Foundation/Application.php(316): Illuminate\\Foundation\\Bootstrap\\BootProviders->bootstrap()
#23 /home/mohammadi/Desktop/5G-back/vendor/laravel/framework/src/Illuminate/Foundation/Console/Kernel.php(473): Illuminate\\Foundation\\Application->bootstrapWith()
#24 /home/mohammadi/Desktop/5G-back/vendor/laravel/framework/src/Illuminate/Foundation/Console/Kernel.php(195): Illuminate\\Foundation\\Console\\Kernel->bootstrap()
#25 Command line code(1): Illuminate\\Foundation\\Console\\Kernel->handle()
#26 {main}
"} 
[2025-01-10 08:30:28] local.ERROR: Please provide a valid cache path. {"exception":"[object] (InvalidArgumentException(code: 0): Please provide a valid cache path. at /home/mohammadi/Desktop/5G-back/vendor/laravel/framework/src/Illuminate/View/Compilers/Compiler.php:67)
[stacktrace]
#0 /home/mohammadi/Desktop/5G-back/vendor/laravel/framework/src/Illuminate/View/ViewServiceProvider.php(97): Illuminate\\View\\Compilers\\Compiler->__construct()
#1 /home/mohammadi/Desktop/5G-back/vendor/laravel/framework/src/Illuminate/Container/Container.php(931): Illuminate\\View\\ViewServiceProvider->Illuminate\\View\\{closure}()
#2 /home/mohammadi/Desktop/5G-back/vendor/laravel/framework/src/Illuminate/Container/Container.php(815): Illuminate\\Container\\Container->build()
#3 /home/mohammadi/Desktop/5G-back/vendor/laravel/framework/src/Illuminate/Foundation/Application.php(1046): Illuminate\\Container\\Container->resolve()
#4 /home/mohammadi/Desktop/5G-back/vendor/laravel/framework/src/Illuminate/Container/Container.php(751): Illuminate\\Foundation\\Application->resolve()
#5 /home/mohammadi/Desktop/5G-back/vendor/laravel/framework/src/Illuminate/Foundation/Application.php(1028): Illuminate\\Container\\Container->make()
#6 /home/mohammadi/Desktop/5G-back/vendor/laravel/framework/src/Illuminate/Container/Container.php(1559): Illuminate\\Foundation\\Application->make()
#7 /home/mohammadi/Desktop/5G-back/vendor/laravel/framework/src/Illuminate/Support/Facades/Facade.php(237): Illuminate\\Container\\Container->offsetGet()
#8 /home/mohammadi/Desktop/5G-back/vendor/laravel/framework/src/Illuminate/Support/Facades/Facade.php(208): Illuminate\\Support\\Facades\\Facade::resolveFacadeInstance()
#9 /home/mohammadi/Desktop/5G-back/vendor/laravel/framework/src/Illuminate/Support/Facades/Facade.php(352): Illuminate\\Support\\Facades\\Facade::getFacadeRoot()
#10 /home/mohammadi/Desktop/5G-back/Modules/Log/app/Providers/LogServiceProvider.php(96): Illuminate\\Support\\Facades\\Facade::__callStatic()
#11 /home/mohammadi/Desktop/5G-back/Modules/Log/app/Providers/LogServiceProvider.php(26): Modules\\Log\\Providers\\LogServiceProvider->registerViews()
#12 /home/mohammadi/Desktop/5G-back/vendor/laravel/framework/src/Illuminate/Container/BoundMethod.php(36): Modules\\Log\\Providers\\LogServiceProvider->boot()
#13 /home/mohammadi/Desktop/5G-back/vendor/laravel/framework/src/Illuminate/Container/Util.php(43): Illuminate\\Container\\BoundMethod::Illuminate\\Container\\{closure}()
#14 /home/mohammadi/Desktop/5G-back/vendor/laravel/framework/src/Illuminate/Container/BoundMethod.php(95): Illuminate\\Container\\Util::unwrapIfClosure()
#15 /home/mohammadi/Desktop/5G-back/vendor/laravel/framework/src/Illuminate/Container/BoundMethod.php(35): Illuminate\\Container\\BoundMethod::callBoundMethod()
#16 /home/mohammadi/Desktop/5G-back/vendor/laravel/framework/src/Illuminate/Container/Container.php(690): Illuminate\\Container\\BoundMethod::call()
#17 /home/mohammadi/Desktop/5G-back/vendor/laravel/framework/src/Illuminate/Foundation/Application.php(1119): Illuminate\\Container\\Container->call()
#18 /home/mohammadi/Desktop/5G-back/vendor/laravel/framework/src/Illuminate/Foundation/Application.php(1100): Illuminate\\Foundation\\Application->bootProvider()
#19 [internal function]: Illuminate\\Foundation\\Application->Illuminate\\Foundation\\{closure}()
#20 /home/mohammadi/Desktop/5G-back/vendor/laravel/framework/src/Illuminate/Foundation/Application.php(1099): array_walk()
#21 /home/mohammadi/Desktop/5G-back/vendor/laravel/framework/src/Illuminate/Foundation/Bootstrap/BootProviders.php(17): Illuminate\\Foundation\\Application->boot()
#22 /home/mohammadi/Desktop/5G-back/vendor/laravel/framework/src/Illuminate/Foundation/Application.php(316): Illuminate\\Foundation\\Bootstrap\\BootProviders->bootstrap()
#23 /home/mohammadi/Desktop/5G-back/vendor/laravel/framework/src/Illuminate/Foundation/Console/Kernel.php(473): Illuminate\\Foundation\\Application->bootstrapWith()
#24 /home/mohammadi/Desktop/5G-back/vendor/laravel/framework/src/Illuminate/Foundation/Console/Kernel.php(195): Illuminate\\Foundation\\Console\\Kernel->bootstrap()
#25 Command line code(1): Illuminate\\Foundation\\Console\\Kernel->handle()
#26 {main}
"} 
[2025-01-10 08:30:28] local.ERROR: Please provide a valid cache path. {"exception":"[object] (InvalidArgumentException(code: 0): Please provide a valid cache path. at /home/mohammadi/Desktop/5G-back/vendor/laravel/framework/src/Illuminate/View/Compilers/Compiler.php:67)
[stacktrace]
#0 /home/mohammadi/Desktop/5G-back/vendor/laravel/framework/src/Illuminate/View/ViewServiceProvider.php(97): Illuminate\\View\\Compilers\\Compiler->__construct()
#1 /home/mohammadi/Desktop/5G-back/vendor/laravel/framework/src/Illuminate/Container/Container.php(931): Illuminate\\View\\ViewServiceProvider->Illuminate\\View\\{closure}()
#2 /home/mohammadi/Desktop/5G-back/vendor/laravel/framework/src/Illuminate/Container/Container.php(815): Illuminate\\Container\\Container->build()
#3 /home/mohammadi/Desktop/5G-back/vendor/laravel/framework/src/Illuminate/Foundation/Application.php(1046): Illuminate\\Container\\Container->resolve()
#4 /home/mohammadi/Desktop/5G-back/vendor/laravel/framework/src/Illuminate/Container/Container.php(751): Illuminate\\Foundation\\Application->resolve()
#5 /home/mohammadi/Desktop/5G-back/vendor/laravel/framework/src/Illuminate/Foundation/Application.php(1028): Illuminate\\Container\\Container->make()
#6 /home/mohammadi/Desktop/5G-back/vendor/laravel/framework/src/Illuminate/Container/Container.php(1559): Illuminate\\Foundation\\Application->make()
#7 /home/mohammadi/Desktop/5G-back/vendor/laravel/framework/src/Illuminate/Support/Facades/Facade.php(237): Illuminate\\Container\\Container->offsetGet()
#8 /home/mohammadi/Desktop/5G-back/vendor/laravel/framework/src/Illuminate/Support/Facades/Facade.php(208): Illuminate\\Support\\Facades\\Facade::resolveFacadeInstance()
#9 /home/mohammadi/Desktop/5G-back/vendor/laravel/framework/src/Illuminate/Support/Facades/Facade.php(352): Illuminate\\Support\\Facades\\Facade::getFacadeRoot()
#10 /home/mohammadi/Desktop/5G-back/Modules/Log/app/Providers/LogServiceProvider.php(96): Illuminate\\Support\\Facades\\Facade::__callStatic()
#11 /home/mohammadi/Desktop/5G-back/Modules/Log/app/Providers/LogServiceProvider.php(26): Modules\\Log\\Providers\\LogServiceProvider->registerViews()
#12 /home/mohammadi/Desktop/5G-back/vendor/laravel/framework/src/Illuminate/Container/BoundMethod.php(36): Modules\\Log\\Providers\\LogServiceProvider->boot()
#13 /home/mohammadi/Desktop/5G-back/vendor/laravel/framework/src/Illuminate/Container/Util.php(43): Illuminate\\Container\\BoundMethod::Illuminate\\Container\\{closure}()
#14 /home/mohammadi/Desktop/5G-back/vendor/laravel/framework/src/Illuminate/Container/BoundMethod.php(95): Illuminate\\Container\\Util::unwrapIfClosure()
#15 /home/mohammadi/Desktop/5G-back/vendor/laravel/framework/src/Illuminate/Container/BoundMethod.php(35): Illuminate\\Container\\BoundMethod::callBoundMethod()
#16 /home/mohammadi/Desktop/5G-back/vendor/laravel/framework/src/Illuminate/Container/Container.php(690): Illuminate\\Container\\BoundMethod::call()
#17 /home/mohammadi/Desktop/5G-back/vendor/laravel/framework/src/Illuminate/Foundation/Application.php(1119): Illuminate\\Container\\Container->call()
#18 /home/mohammadi/Desktop/5G-back/vendor/laravel/framework/src/Illuminate/Foundation/Application.php(1100): Illuminate\\Foundation\\Application->bootProvider()
#19 [internal function]: Illuminate\\Foundation\\Application->Illuminate\\Foundation\\{closure}()
#20 /home/mohammadi/Desktop/5G-back/vendor/laravel/framework/src/Illuminate/Foundation/Application.php(1099): array_walk()
#21 /home/mohammadi/Desktop/5G-back/vendor/laravel/framework/src/Illuminate/Foundation/Bootstrap/BootProviders.php(17): Illuminate\\Foundation\\Application->boot()
#22 /home/mohammadi/Desktop/5G-back/vendor/laravel/framework/src/Illuminate/Foundation/Application.php(316): Illuminate\\Foundation\\Bootstrap\\BootProviders->bootstrap()
#23 /home/mohammadi/Desktop/5G-back/vendor/laravel/framework/src/Illuminate/Foundation/Console/Kernel.php(473): Illuminate\\Foundation\\Application->bootstrapWith()
#24 /home/mohammadi/Desktop/5G-back/vendor/laravel/framework/src/Illuminate/Foundation/Console/Kernel.php(195): Illuminate\\Foundation\\Console\\Kernel->bootstrap()
#25 Command line code(1): Illuminate\\Foundation\\Console\\Kernel->handle()
#26 {main}
"} 
[2025-01-10 08:30:28] local.ERROR: Please provide a valid cache path. {"exception":"[object] (InvalidArgumentException(code: 0): Please provide a valid cache path. at /home/mohammadi/Desktop/5G-back/vendor/laravel/framework/src/Illuminate/View/Compilers/Compiler.php:67)
[stacktrace]
#0 /home/mohammadi/Desktop/5G-back/vendor/laravel/framework/src/Illuminate/View/ViewServiceProvider.php(97): Illuminate\\View\\Compilers\\Compiler->__construct()
#1 /home/mohammadi/Desktop/5G-back/vendor/laravel/framework/src/Illuminate/Container/Container.php(931): Illuminate\\View\\ViewServiceProvider->Illuminate\\View\\{closure}()
#2 /home/mohammadi/Desktop/5G-back/vendor/laravel/framework/src/Illuminate/Container/Container.php(815): Illuminate\\Container\\Container->build()
#3 /home/mohammadi/Desktop/5G-back/vendor/laravel/framework/src/Illuminate/Foundation/Application.php(1046): Illuminate\\Container\\Container->resolve()
#4 /home/mohammadi/Desktop/5G-back/vendor/laravel/framework/src/Illuminate/Container/Container.php(751): Illuminate\\Foundation\\Application->resolve()
#5 /home/mohammadi/Desktop/5G-back/vendor/laravel/framework/src/Illuminate/Foundation/Application.php(1028): Illuminate\\Container\\Container->make()
#6 /home/mohammadi/Desktop/5G-back/vendor/laravel/framework/src/Illuminate/Container/Container.php(1559): Illuminate\\Foundation\\Application->make()
#7 /home/mohammadi/Desktop/5G-back/vendor/laravel/framework/src/Illuminate/Support/Facades/Facade.php(237): Illuminate\\Container\\Container->offsetGet()
#8 /home/mohammadi/Desktop/5G-back/vendor/laravel/framework/src/Illuminate/Support/Facades/Facade.php(208): Illuminate\\Support\\Facades\\Facade::resolveFacadeInstance()
#9 /home/mohammadi/Desktop/5G-back/vendor/laravel/framework/src/Illuminate/Support/Facades/Facade.php(352): Illuminate\\Support\\Facades\\Facade::getFacadeRoot()
#10 /home/mohammadi/Desktop/5G-back/Modules/Log/app/Providers/LogServiceProvider.php(96): Illuminate\\Support\\Facades\\Facade::__callStatic()
#11 /home/mohammadi/Desktop/5G-back/Modules/Log/app/Providers/LogServiceProvider.php(26): Modules\\Log\\Providers\\LogServiceProvider->registerViews()
#12 /home/mohammadi/Desktop/5G-back/vendor/laravel/framework/src/Illuminate/Container/BoundMethod.php(36): Modules\\Log\\Providers\\LogServiceProvider->boot()
#13 /home/mohammadi/Desktop/5G-back/vendor/laravel/framework/src/Illuminate/Container/Util.php(43): Illuminate\\Container\\BoundMethod::Illuminate\\Container\\{closure}()
#14 /home/mohammadi/Desktop/5G-back/vendor/laravel/framework/src/Illuminate/Container/BoundMethod.php(95): Illuminate\\Container\\Util::unwrapIfClosure()
#15 /home/mohammadi/Desktop/5G-back/vendor/laravel/framework/src/Illuminate/Container/BoundMethod.php(35): Illuminate\\Container\\BoundMethod::callBoundMethod()
#16 /home/mohammadi/Desktop/5G-back/vendor/laravel/framework/src/Illuminate/Container/Container.php(690): Illuminate\\Container\\BoundMethod::call()
#17 /home/mohammadi/Desktop/5G-back/vendor/laravel/framework/src/Illuminate/Foundation/Application.php(1119): Illuminate\\Container\\Container->call()
#18 /home/mohammadi/Desktop/5G-back/vendor/laravel/framework/src/Illuminate/Foundation/Application.php(1100): Illuminate\\Foundation\\Application->bootProvider()
#19 [internal function]: Illuminate\\Foundation\\Application->Illuminate\\Foundation\\{closure}()
#20 /home/mohammadi/Desktop/5G-back/vendor/laravel/framework/src/Illuminate/Foundation/Application.php(1099): array_walk()
#21 /home/mohammadi/Desktop/5G-back/vendor/laravel/framework/src/Illuminate/Foundation/Bootstrap/BootProviders.php(17): Illuminate\\Foundation\\Application->boot()
#22 /home/mohammadi/Desktop/5G-back/vendor/laravel/framework/src/Illuminate/Foundation/Application.php(316): Illuminate\\Foundation\\Bootstrap\\BootProviders->bootstrap()
#23 /home/mohammadi/Desktop/5G-back/vendor/laravel/framework/src/Illuminate/Foundation/Console/Kernel.php(473): Illuminate\\Foundation\\Application->bootstrapWith()
#24 /home/mohammadi/Desktop/5G-back/vendor/laravel/framework/src/Illuminate/Foundation/Console/Kernel.php(195): Illuminate\\Foundation\\Console\\Kernel->bootstrap()
#25 Command line code(1): Illuminate\\Foundation\\Console\\Kernel->handle()
#26 {main}
"} 
[2025-01-10 08:30:28] local.ERROR: Please provide a valid cache path. {"exception":"[object] (InvalidArgumentException(code: 0): Please provide a valid cache path. at /home/mohammadi/Desktop/5G-back/vendor/laravel/framework/src/Illuminate/View/Compilers/Compiler.php:67)
[stacktrace]
#0 /home/mohammadi/Desktop/5G-back/vendor/laravel/framework/src/Illuminate/View/ViewServiceProvider.php(97): Illuminate\\View\\Compilers\\Compiler->__construct()
#1 /home/mohammadi/Desktop/5G-back/vendor/laravel/framework/src/Illuminate/Container/Container.php(931): Illuminate\\View\\ViewServiceProvider->Illuminate\\View\\{closure}()
#2 /home/mohammadi/Desktop/5G-back/vendor/laravel/framework/src/Illuminate/Container/Container.php(815): Illuminate\\Container\\Container->build()
#3 /home/mohammadi/Desktop/5G-back/vendor/laravel/framework/src/Illuminate/Foundation/Application.php(1046): Illuminate\\Container\\Container->resolve()
#4 /home/mohammadi/Desktop/5G-back/vendor/laravel/framework/src/Illuminate/Container/Container.php(751): Illuminate\\Foundation\\Application->resolve()
#5 /home/mohammadi/Desktop/5G-back/vendor/laravel/framework/src/Illuminate/Foundation/Application.php(1028): Illuminate\\Container\\Container->make()
#6 /home/mohammadi/Desktop/5G-back/vendor/laravel/framework/src/Illuminate/Container/Container.php(1559): Illuminate\\Foundation\\Application->make()
#7 /home/mohammadi/Desktop/5G-back/vendor/laravel/framework/src/Illuminate/Support/Facades/Facade.php(237): Illuminate\\Container\\Container->offsetGet()
#8 /home/mohammadi/Desktop/5G-back/vendor/laravel/framework/src/Illuminate/Support/Facades/Facade.php(208): Illuminate\\Support\\Facades\\Facade::resolveFacadeInstance()
#9 /home/mohammadi/Desktop/5G-back/vendor/laravel/framework/src/Illuminate/Support/Facades/Facade.php(352): Illuminate\\Support\\Facades\\Facade::getFacadeRoot()
#10 /home/mohammadi/Desktop/5G-back/Modules/Log/app/Providers/LogServiceProvider.php(96): Illuminate\\Support\\Facades\\Facade::__callStatic()
#11 /home/mohammadi/Desktop/5G-back/Modules/Log/app/Providers/LogServiceProvider.php(26): Modules\\Log\\Providers\\LogServiceProvider->registerViews()
#12 /home/mohammadi/Desktop/5G-back/vendor/laravel/framework/src/Illuminate/Container/BoundMethod.php(36): Modules\\Log\\Providers\\LogServiceProvider->boot()
#13 /home/mohammadi/Desktop/5G-back/vendor/laravel/framework/src/Illuminate/Container/Util.php(43): Illuminate\\Container\\BoundMethod::Illuminate\\Container\\{closure}()
#14 /home/mohammadi/Desktop/5G-back/vendor/laravel/framework/src/Illuminate/Container/BoundMethod.php(95): Illuminate\\Container\\Util::unwrapIfClosure()
#15 /home/mohammadi/Desktop/5G-back/vendor/laravel/framework/src/Illuminate/Container/BoundMethod.php(35): Illuminate\\Container\\BoundMethod::callBoundMethod()
#16 /home/mohammadi/Desktop/5G-back/vendor/laravel/framework/src/Illuminate/Container/Container.php(690): Illuminate\\Container\\BoundMethod::call()
#17 /home/mohammadi/Desktop/5G-back/vendor/laravel/framework/src/Illuminate/Foundation/Application.php(1119): Illuminate\\Container\\Container->call()
#18 /home/mohammadi/Desktop/5G-back/vendor/laravel/framework/src/Illuminate/Foundation/Application.php(1100): Illuminate\\Foundation\\Application->bootProvider()
#19 [internal function]: Illuminate\\Foundation\\Application->Illuminate\\Foundation\\{closure}()
#20 /home/mohammadi/Desktop/5G-back/vendor/laravel/framework/src/Illuminate/Foundation/Application.php(1099): array_walk()
#21 /home/mohammadi/Desktop/5G-back/vendor/laravel/framework/src/Illuminate/Foundation/Bootstrap/BootProviders.php(17): Illuminate\\Foundation\\Application->boot()
#22 /home/mohammadi/Desktop/5G-back/vendor/laravel/framework/src/Illuminate/Foundation/Application.php(316): Illuminate\\Foundation\\Bootstrap\\BootProviders->bootstrap()
#23 /home/mohammadi/Desktop/5G-back/vendor/laravel/framework/src/Illuminate/Foundation/Console/Kernel.php(473): Illuminate\\Foundation\\Application->bootstrapWith()
#24 /home/mohammadi/Desktop/5G-back/vendor/laravel/framework/src/Illuminate/Foundation/Console/Kernel.php(195): Illuminate\\Foundation\\Console\\Kernel->bootstrap()
#25 Command line code(1): Illuminate\\Foundation\\Console\\Kernel->handle()
#26 {main}
"} 
[2025-01-10 08:30:28] local.ERROR: Please provide a valid cache path. {"exception":"[object] (InvalidArgumentException(code: 0): Please provide a valid cache path. at /home/mohammadi/Desktop/5G-back/vendor/laravel/framework/src/Illuminate/View/Compilers/Compiler.php:67)
[stacktrace]
#0 /home/mohammadi/Desktop/5G-back/vendor/laravel/framework/src/Illuminate/View/ViewServiceProvider.php(97): Illuminate\\View\\Compilers\\Compiler->__construct()
#1 /home/mohammadi/Desktop/5G-back/vendor/laravel/framework/src/Illuminate/Container/Container.php(931): Illuminate\\View\\ViewServiceProvider->Illuminate\\View\\{closure}()
#2 /home/mohammadi/Desktop/5G-back/vendor/laravel/framework/src/Illuminate/Container/Container.php(815): Illuminate\\Container\\Container->build()
#3 /home/mohammadi/Desktop/5G-back/vendor/laravel/framework/src/Illuminate/Foundation/Application.php(1046): Illuminate\\Container\\Container->resolve()
#4 /home/mohammadi/Desktop/5G-back/vendor/laravel/framework/src/Illuminate/Container/Container.php(751): Illuminate\\Foundation\\Application->resolve()
#5 /home/mohammadi/Desktop/5G-back/vendor/laravel/framework/src/Illuminate/Foundation/Application.php(1028): Illuminate\\Container\\Container->make()
#6 /home/mohammadi/Desktop/5G-back/vendor/laravel/framework/src/Illuminate/Container/Container.php(1559): Illuminate\\Foundation\\Application->make()
#7 /home/mohammadi/Desktop/5G-back/vendor/laravel/framework/src/Illuminate/Support/Facades/Facade.php(237): Illuminate\\Container\\Container->offsetGet()
#8 /home/mohammadi/Desktop/5G-back/vendor/laravel/framework/src/Illuminate/Support/Facades/Facade.php(208): Illuminate\\Support\\Facades\\Facade::resolveFacadeInstance()
#9 /home/mohammadi/Desktop/5G-back/vendor/laravel/framework/src/Illuminate/Support/Facades/Facade.php(352): Illuminate\\Support\\Facades\\Facade::getFacadeRoot()
#10 /home/mohammadi/Desktop/5G-back/Modules/Log/app/Providers/LogServiceProvider.php(96): Illuminate\\Support\\Facades\\Facade::__callStatic()
#11 /home/mohammadi/Desktop/5G-back/Modules/Log/app/Providers/LogServiceProvider.php(26): Modules\\Log\\Providers\\LogServiceProvider->registerViews()
#12 /home/mohammadi/Desktop/5G-back/vendor/laravel/framework/src/Illuminate/Container/BoundMethod.php(36): Modules\\Log\\Providers\\LogServiceProvider->boot()
#13 /home/mohammadi/Desktop/5G-back/vendor/laravel/framework/src/Illuminate/Container/Util.php(43): Illuminate\\Container\\BoundMethod::Illuminate\\Container\\{closure}()
#14 /home/mohammadi/Desktop/5G-back/vendor/laravel/framework/src/Illuminate/Container/BoundMethod.php(95): Illuminate\\Container\\Util::unwrapIfClosure()
#15 /home/mohammadi/Desktop/5G-back/vendor/laravel/framework/src/Illuminate/Container/BoundMethod.php(35): Illuminate\\Container\\BoundMethod::callBoundMethod()
#16 /home/mohammadi/Desktop/5G-back/vendor/laravel/framework/src/Illuminate/Container/Container.php(690): Illuminate\\Container\\BoundMethod::call()
#17 /home/mohammadi/Desktop/5G-back/vendor/laravel/framework/src/Illuminate/Foundation/Application.php(1119): Illuminate\\Container\\Container->call()
#18 /home/mohammadi/Desktop/5G-back/vendor/laravel/framework/src/Illuminate/Foundation/Application.php(1100): Illuminate\\Foundation\\Application->bootProvider()
#19 [internal function]: Illuminate\\Foundation\\Application->Illuminate\\Foundation\\{closure}()
#20 /home/mohammadi/Desktop/5G-back/vendor/laravel/framework/src/Illuminate/Foundation/Application.php(1099): array_walk()
#21 /home/mohammadi/Desktop/5G-back/vendor/laravel/framework/src/Illuminate/Foundation/Bootstrap/BootProviders.php(17): Illuminate\\Foundation\\Application->boot()
#22 /home/mohammadi/Desktop/5G-back/vendor/laravel/framework/src/Illuminate/Foundation/Application.php(316): Illuminate\\Foundation\\Bootstrap\\BootProviders->bootstrap()
#23 /home/mohammadi/Desktop/5G-back/vendor/laravel/framework/src/Illuminate/Foundation/Console/Kernel.php(473): Illuminate\\Foundation\\Application->bootstrapWith()
#24 /home/mohammadi/Desktop/5G-back/vendor/laravel/framework/src/Illuminate/Foundation/Console/Kernel.php(195): Illuminate\\Foundation\\Console\\Kernel->bootstrap()
#25 Command line code(1): Illuminate\\Foundation\\Console\\Kernel->handle()
#26 {main}
"} 
[2025-01-10 08:31:17] local.ERROR: Please provide a valid cache path. {"exception":"[object] (InvalidArgumentException(code: 0): Please provide a valid cache path. at /home/mohammadi/Desktop/5G-back/vendor/laravel/framework/src/Illuminate/View/Compilers/Compiler.php:67)
[stacktrace]
#0 /home/mohammadi/Desktop/5G-back/vendor/laravel/framework/src/Illuminate/View/ViewServiceProvider.php(97): Illuminate\\View\\Compilers\\Compiler->__construct()
#1 /home/mohammadi/Desktop/5G-back/vendor/laravel/framework/src/Illuminate/Container/Container.php(931): Illuminate\\View\\ViewServiceProvider->Illuminate\\View\\{closure}()
#2 /home/mohammadi/Desktop/5G-back/vendor/laravel/framework/src/Illuminate/Container/Container.php(815): Illuminate\\Container\\Container->build()
#3 /home/mohammadi/Desktop/5G-back/vendor/laravel/framework/src/Illuminate/Foundation/Application.php(1046): Illuminate\\Container\\Container->resolve()
#4 /home/mohammadi/Desktop/5G-back/vendor/laravel/framework/src/Illuminate/Container/Container.php(751): Illuminate\\Foundation\\Application->resolve()
#5 /home/mohammadi/Desktop/5G-back/vendor/laravel/framework/src/Illuminate/Foundation/Application.php(1028): Illuminate\\Container\\Container->make()
#6 /home/mohammadi/Desktop/5G-back/vendor/laravel/framework/src/Illuminate/Container/Container.php(1559): Illuminate\\Foundation\\Application->make()
#7 /home/mohammadi/Desktop/5G-back/vendor/laravel/framework/src/Illuminate/Support/Facades/Facade.php(237): Illuminate\\Container\\Container->offsetGet()
#8 /home/mohammadi/Desktop/5G-back/vendor/laravel/framework/src/Illuminate/Support/Facades/Facade.php(208): Illuminate\\Support\\Facades\\Facade::resolveFacadeInstance()
#9 /home/mohammadi/Desktop/5G-back/vendor/laravel/framework/src/Illuminate/Support/Facades/Facade.php(352): Illuminate\\Support\\Facades\\Facade::getFacadeRoot()
#10 /home/mohammadi/Desktop/5G-back/Modules/Log/app/Providers/LogServiceProvider.php(96): Illuminate\\Support\\Facades\\Facade::__callStatic()
#11 /home/mohammadi/Desktop/5G-back/Modules/Log/app/Providers/LogServiceProvider.php(26): Modules\\Log\\Providers\\LogServiceProvider->registerViews()
#12 /home/mohammadi/Desktop/5G-back/vendor/laravel/framework/src/Illuminate/Container/BoundMethod.php(36): Modules\\Log\\Providers\\LogServiceProvider->boot()
#13 /home/mohammadi/Desktop/5G-back/vendor/laravel/framework/src/Illuminate/Container/Util.php(43): Illuminate\\Container\\BoundMethod::Illuminate\\Container\\{closure}()
#14 /home/mohammadi/Desktop/5G-back/vendor/laravel/framework/src/Illuminate/Container/BoundMethod.php(95): Illuminate\\Container\\Util::unwrapIfClosure()
#15 /home/mohammadi/Desktop/5G-back/vendor/laravel/framework/src/Illuminate/Container/BoundMethod.php(35): Illuminate\\Container\\BoundMethod::callBoundMethod()
#16 /home/mohammadi/Desktop/5G-back/vendor/laravel/framework/src/Illuminate/Container/Container.php(690): Illuminate\\Container\\BoundMethod::call()
#17 /home/mohammadi/Desktop/5G-back/vendor/laravel/framework/src/Illuminate/Foundation/Application.php(1119): Illuminate\\Container\\Container->call()
#18 /home/mohammadi/Desktop/5G-back/vendor/laravel/framework/src/Illuminate/Foundation/Application.php(1100): Illuminate\\Foundation\\Application->bootProvider()
#19 [internal function]: Illuminate\\Foundation\\Application->Illuminate\\Foundation\\{closure}()
#20 /home/mohammadi/Desktop/5G-back/vendor/laravel/framework/src/Illuminate/Foundation/Application.php(1099): array_walk()
#21 /home/mohammadi/Desktop/5G-back/vendor/laravel/framework/src/Illuminate/Foundation/Bootstrap/BootProviders.php(17): Illuminate\\Foundation\\Application->boot()
#22 /home/mohammadi/Desktop/5G-back/vendor/laravel/framework/src/Illuminate/Foundation/Application.php(316): Illuminate\\Foundation\\Bootstrap\\BootProviders->bootstrap()
#23 /home/mohammadi/Desktop/5G-back/vendor/laravel/framework/src/Illuminate/Foundation/Console/Kernel.php(473): Illuminate\\Foundation\\Application->bootstrapWith()
#24 /home/mohammadi/Desktop/5G-back/vendor/laravel/framework/src/Illuminate/Foundation/Console/Kernel.php(195): Illuminate\\Foundation\\Console\\Kernel->bootstrap()
#25 Command line code(1): Illuminate\\Foundation\\Console\\Kernel->handle()
#26 {main}
"} 
[2025-01-10 08:31:27] local.ERROR: Please provide a valid cache path. {"exception":"[object] (InvalidArgumentException(code: 0): Please provide a valid cache path. at /home/mohammadi/Desktop/5G-back/vendor/laravel/framework/src/Illuminate/View/Compilers/Compiler.php:67)
[stacktrace]
#0 /home/mohammadi/Desktop/5G-back/vendor/laravel/framework/src/Illuminate/View/ViewServiceProvider.php(97): Illuminate\\View\\Compilers\\Compiler->__construct()
#1 /home/mohammadi/Desktop/5G-back/vendor/laravel/framework/src/Illuminate/Container/Container.php(931): Illuminate\\View\\ViewServiceProvider->Illuminate\\View\\{closure}()
#2 /home/mohammadi/Desktop/5G-back/vendor/laravel/framework/src/Illuminate/Container/Container.php(815): Illuminate\\Container\\Container->build()
#3 /home/mohammadi/Desktop/5G-back/vendor/laravel/framework/src/Illuminate/Foundation/Application.php(1046): Illuminate\\Container\\Container->resolve()
#4 /home/mohammadi/Desktop/5G-back/vendor/laravel/framework/src/Illuminate/Container/Container.php(751): Illuminate\\Foundation\\Application->resolve()
#5 /home/mohammadi/Desktop/5G-back/vendor/laravel/framework/src/Illuminate/Foundation/Application.php(1028): Illuminate\\Container\\Container->make()
#6 /home/mohammadi/Desktop/5G-back/vendor/laravel/framework/src/Illuminate/Container/Container.php(1559): Illuminate\\Foundation\\Application->make()
#7 /home/mohammadi/Desktop/5G-back/vendor/laravel/framework/src/Illuminate/Support/Facades/Facade.php(237): Illuminate\\Container\\Container->offsetGet()
#8 /home/mohammadi/Desktop/5G-back/vendor/laravel/framework/src/Illuminate/Support/Facades/Facade.php(208): Illuminate\\Support\\Facades\\Facade::resolveFacadeInstance()
#9 /home/mohammadi/Desktop/5G-back/vendor/laravel/framework/src/Illuminate/Support/Facades/Facade.php(352): Illuminate\\Support\\Facades\\Facade::getFacadeRoot()
#10 /home/mohammadi/Desktop/5G-back/Modules/Log/app/Providers/LogServiceProvider.php(96): Illuminate\\Support\\Facades\\Facade::__callStatic()
#11 /home/mohammadi/Desktop/5G-back/Modules/Log/app/Providers/LogServiceProvider.php(26): Modules\\Log\\Providers\\LogServiceProvider->registerViews()
#12 /home/mohammadi/Desktop/5G-back/vendor/laravel/framework/src/Illuminate/Container/BoundMethod.php(36): Modules\\Log\\Providers\\LogServiceProvider->boot()
#13 /home/mohammadi/Desktop/5G-back/vendor/laravel/framework/src/Illuminate/Container/Util.php(43): Illuminate\\Container\\BoundMethod::Illuminate\\Container\\{closure}()
#14 /home/mohammadi/Desktop/5G-back/vendor/laravel/framework/src/Illuminate/Container/BoundMethod.php(95): Illuminate\\Container\\Util::unwrapIfClosure()
#15 /home/mohammadi/Desktop/5G-back/vendor/laravel/framework/src/Illuminate/Container/BoundMethod.php(35): Illuminate\\Container\\BoundMethod::callBoundMethod()
#16 /home/mohammadi/Desktop/5G-back/vendor/laravel/framework/src/Illuminate/Container/Container.php(690): Illuminate\\Container\\BoundMethod::call()
#17 /home/mohammadi/Desktop/5G-back/vendor/laravel/framework/src/Illuminate/Foundation/Application.php(1119): Illuminate\\Container\\Container->call()
#18 /home/mohammadi/Desktop/5G-back/vendor/laravel/framework/src/Illuminate/Foundation/Application.php(1100): Illuminate\\Foundation\\Application->bootProvider()
#19 [internal function]: Illuminate\\Foundation\\Application->Illuminate\\Foundation\\{closure}()
#20 /home/mohammadi/Desktop/5G-back/vendor/laravel/framework/src/Illuminate/Foundation/Application.php(1099): array_walk()
#21 /home/mohammadi/Desktop/5G-back/vendor/laravel/framework/src/Illuminate/Foundation/Bootstrap/BootProviders.php(17): Illuminate\\Foundation\\Application->boot()
#22 /home/mohammadi/Desktop/5G-back/vendor/laravel/framework/src/Illuminate/Foundation/Application.php(316): Illuminate\\Foundation\\Bootstrap\\BootProviders->bootstrap()
#23 /home/mohammadi/Desktop/5G-back/vendor/laravel/framework/src/Illuminate/Foundation/Console/Kernel.php(473): Illuminate\\Foundation\\Application->bootstrapWith()
#24 /home/mohammadi/Desktop/5G-back/vendor/laravel/framework/src/Illuminate/Foundation/Console/Kernel.php(195): Illuminate\\Foundation\\Console\\Kernel->bootstrap()
#25 Command line code(1): Illuminate\\Foundation\\Console\\Kernel->handle()
#26 {main}
"} 
[2025-01-10 08:31:27] local.ERROR: Please provide a valid cache path. {"exception":"[object] (InvalidArgumentException(code: 0): Please provide a valid cache path. at /home/mohammadi/Desktop/5G-back/vendor/laravel/framework/src/Illuminate/View/Compilers/Compiler.php:67)
[stacktrace]
#0 /home/mohammadi/Desktop/5G-back/vendor/laravel/framework/src/Illuminate/View/ViewServiceProvider.php(97): Illuminate\\View\\Compilers\\Compiler->__construct()
#1 /home/mohammadi/Desktop/5G-back/vendor/laravel/framework/src/Illuminate/Container/Container.php(931): Illuminate\\View\\ViewServiceProvider->Illuminate\\View\\{closure}()
#2 /home/mohammadi/Desktop/5G-back/vendor/laravel/framework/src/Illuminate/Container/Container.php(815): Illuminate\\Container\\Container->build()
#3 /home/mohammadi/Desktop/5G-back/vendor/laravel/framework/src/Illuminate/Foundation/Application.php(1046): Illuminate\\Container\\Container->resolve()
#4 /home/mohammadi/Desktop/5G-back/vendor/laravel/framework/src/Illuminate/Container/Container.php(751): Illuminate\\Foundation\\Application->resolve()
#5 /home/mohammadi/Desktop/5G-back/vendor/laravel/framework/src/Illuminate/Foundation/Application.php(1028): Illuminate\\Container\\Container->make()
#6 /home/mohammadi/Desktop/5G-back/vendor/laravel/framework/src/Illuminate/Container/Container.php(1559): Illuminate\\Foundation\\Application->make()
#7 /home/mohammadi/Desktop/5G-back/vendor/laravel/framework/src/Illuminate/Support/Facades/Facade.php(237): Illuminate\\Container\\Container->offsetGet()
#8 /home/mohammadi/Desktop/5G-back/vendor/laravel/framework/src/Illuminate/Support/Facades/Facade.php(208): Illuminate\\Support\\Facades\\Facade::resolveFacadeInstance()
#9 /home/mohammadi/Desktop/5G-back/vendor/laravel/framework/src/Illuminate/Support/Facades/Facade.php(352): Illuminate\\Support\\Facades\\Facade::getFacadeRoot()
#10 /home/mohammadi/Desktop/5G-back/Modules/Log/app/Providers/LogServiceProvider.php(96): Illuminate\\Support\\Facades\\Facade::__callStatic()
#11 /home/mohammadi/Desktop/5G-back/Modules/Log/app/Providers/LogServiceProvider.php(26): Modules\\Log\\Providers\\LogServiceProvider->registerViews()
#12 /home/mohammadi/Desktop/5G-back/vendor/laravel/framework/src/Illuminate/Container/BoundMethod.php(36): Modules\\Log\\Providers\\LogServiceProvider->boot()
#13 /home/mohammadi/Desktop/5G-back/vendor/laravel/framework/src/Illuminate/Container/Util.php(43): Illuminate\\Container\\BoundMethod::Illuminate\\Container\\{closure}()
#14 /home/mohammadi/Desktop/5G-back/vendor/laravel/framework/src/Illuminate/Container/BoundMethod.php(95): Illuminate\\Container\\Util::unwrapIfClosure()
#15 /home/mohammadi/Desktop/5G-back/vendor/laravel/framework/src/Illuminate/Container/BoundMethod.php(35): Illuminate\\Container\\BoundMethod::callBoundMethod()
#16 /home/mohammadi/Desktop/5G-back/vendor/laravel/framework/src/Illuminate/Container/Container.php(690): Illuminate\\Container\\BoundMethod::call()
#17 /home/mohammadi/Desktop/5G-back/vendor/laravel/framework/src/Illuminate/Foundation/Application.php(1119): Illuminate\\Container\\Container->call()
#18 /home/mohammadi/Desktop/5G-back/vendor/laravel/framework/src/Illuminate/Foundation/Application.php(1100): Illuminate\\Foundation\\Application->bootProvider()
#19 [internal function]: Illuminate\\Foundation\\Application->Illuminate\\Foundation\\{closure}()
#20 /home/mohammadi/Desktop/5G-back/vendor/laravel/framework/src/Illuminate/Foundation/Application.php(1099): array_walk()
#21 /home/mohammadi/Desktop/5G-back/vendor/laravel/framework/src/Illuminate/Foundation/Bootstrap/BootProviders.php(17): Illuminate\\Foundation\\Application->boot()
#22 /home/mohammadi/Desktop/5G-back/vendor/laravel/framework/src/Illuminate/Foundation/Application.php(316): Illuminate\\Foundation\\Bootstrap\\BootProviders->bootstrap()
#23 /home/mohammadi/Desktop/5G-back/vendor/laravel/framework/src/Illuminate/Foundation/Console/Kernel.php(473): Illuminate\\Foundation\\Application->bootstrapWith()
#24 /home/mohammadi/Desktop/5G-back/vendor/laravel/framework/src/Illuminate/Foundation/Console/Kernel.php(195): Illuminate\\Foundation\\Console\\Kernel->bootstrap()
#25 Command line code(1): Illuminate\\Foundation\\Console\\Kernel->handle()
#26 {main}
"} 
[2025-01-10 08:31:30] local.ERROR: Please provide a valid cache path. {"exception":"[object] (InvalidArgumentException(code: 0): Please provide a valid cache path. at /home/mohammadi/Desktop/5G-back/vendor/laravel/framework/src/Illuminate/View/Compilers/Compiler.php:67)
[stacktrace]
#0 /home/mohammadi/Desktop/5G-back/vendor/laravel/framework/src/Illuminate/View/ViewServiceProvider.php(97): Illuminate\\View\\Compilers\\Compiler->__construct()
#1 /home/mohammadi/Desktop/5G-back/vendor/laravel/framework/src/Illuminate/Container/Container.php(931): Illuminate\\View\\ViewServiceProvider->Illuminate\\View\\{closure}()
#2 /home/mohammadi/Desktop/5G-back/vendor/laravel/framework/src/Illuminate/Container/Container.php(815): Illuminate\\Container\\Container->build()
#3 /home/mohammadi/Desktop/5G-back/vendor/laravel/framework/src/Illuminate/Foundation/Application.php(1046): Illuminate\\Container\\Container->resolve()
#4 /home/mohammadi/Desktop/5G-back/vendor/laravel/framework/src/Illuminate/Container/Container.php(751): Illuminate\\Foundation\\Application->resolve()
#5 /home/mohammadi/Desktop/5G-back/vendor/laravel/framework/src/Illuminate/Foundation/Application.php(1028): Illuminate\\Container\\Container->make()
#6 /home/mohammadi/Desktop/5G-back/vendor/laravel/framework/src/Illuminate/Container/Container.php(1559): Illuminate\\Foundation\\Application->make()
#7 /home/mohammadi/Desktop/5G-back/vendor/laravel/framework/src/Illuminate/Support/Facades/Facade.php(237): Illuminate\\Container\\Container->offsetGet()
#8 /home/mohammadi/Desktop/5G-back/vendor/laravel/framework/src/Illuminate/Support/Facades/Facade.php(208): Illuminate\\Support\\Facades\\Facade::resolveFacadeInstance()
#9 /home/mohammadi/Desktop/5G-back/vendor/laravel/framework/src/Illuminate/Support/Facades/Facade.php(352): Illuminate\\Support\\Facades\\Facade::getFacadeRoot()
#10 /home/mohammadi/Desktop/5G-back/Modules/Log/app/Providers/LogServiceProvider.php(96): Illuminate\\Support\\Facades\\Facade::__callStatic()
#11 /home/mohammadi/Desktop/5G-back/Modules/Log/app/Providers/LogServiceProvider.php(26): Modules\\Log\\Providers\\LogServiceProvider->registerViews()
#12 /home/mohammadi/Desktop/5G-back/vendor/laravel/framework/src/Illuminate/Container/BoundMethod.php(36): Modules\\Log\\Providers\\LogServiceProvider->boot()
#13 /home/mohammadi/Desktop/5G-back/vendor/laravel/framework/src/Illuminate/Container/Util.php(43): Illuminate\\Container\\BoundMethod::Illuminate\\Container\\{closure}()
#14 /home/mohammadi/Desktop/5G-back/vendor/laravel/framework/src/Illuminate/Container/BoundMethod.php(95): Illuminate\\Container\\Util::unwrapIfClosure()
#15 /home/mohammadi/Desktop/5G-back/vendor/laravel/framework/src/Illuminate/Container/BoundMethod.php(35): Illuminate\\Container\\BoundMethod::callBoundMethod()
#16 /home/mohammadi/Desktop/5G-back/vendor/laravel/framework/src/Illuminate/Container/Container.php(690): Illuminate\\Container\\BoundMethod::call()
#17 /home/mohammadi/Desktop/5G-back/vendor/laravel/framework/src/Illuminate/Foundation/Application.php(1119): Illuminate\\Container\\Container->call()
#18 /home/mohammadi/Desktop/5G-back/vendor/laravel/framework/src/Illuminate/Foundation/Application.php(1100): Illuminate\\Foundation\\Application->bootProvider()
#19 [internal function]: Illuminate\\Foundation\\Application->Illuminate\\Foundation\\{closure}()
#20 /home/mohammadi/Desktop/5G-back/vendor/laravel/framework/src/Illuminate/Foundation/Application.php(1099): array_walk()
#21 /home/mohammadi/Desktop/5G-back/vendor/laravel/framework/src/Illuminate/Foundation/Bootstrap/BootProviders.php(17): Illuminate\\Foundation\\Application->boot()
#22 /home/mohammadi/Desktop/5G-back/vendor/laravel/framework/src/Illuminate/Foundation/Application.php(316): Illuminate\\Foundation\\Bootstrap\\BootProviders->bootstrap()
#23 /home/mohammadi/Desktop/5G-back/vendor/laravel/framework/src/Illuminate/Foundation/Console/Kernel.php(473): Illuminate\\Foundation\\Application->bootstrapWith()
#24 /home/mohammadi/Desktop/5G-back/vendor/laravel/framework/src/Illuminate/Foundation/Console/Kernel.php(195): Illuminate\\Foundation\\Console\\Kernel->bootstrap()
#25 Command line code(1): Illuminate\\Foundation\\Console\\Kernel->handle()
#26 {main}
"} 
[2025-01-10 08:31:39] local.ERROR: Please provide a valid cache path. {"exception":"[object] (InvalidArgumentException(code: 0): Please provide a valid cache path. at /home/mohammadi/Desktop/5G-back/vendor/laravel/framework/src/Illuminate/View/Compilers/Compiler.php:67)
[stacktrace]
#0 /home/mohammadi/Desktop/5G-back/vendor/laravel/framework/src/Illuminate/View/ViewServiceProvider.php(97): Illuminate\\View\\Compilers\\Compiler->__construct()
#1 /home/mohammadi/Desktop/5G-back/vendor/laravel/framework/src/Illuminate/Container/Container.php(931): Illuminate\\View\\ViewServiceProvider->Illuminate\\View\\{closure}()
#2 /home/mohammadi/Desktop/5G-back/vendor/laravel/framework/src/Illuminate/Container/Container.php(815): Illuminate\\Container\\Container->build()
#3 /home/mohammadi/Desktop/5G-back/vendor/laravel/framework/src/Illuminate/Foundation/Application.php(1046): Illuminate\\Container\\Container->resolve()
#4 /home/mohammadi/Desktop/5G-back/vendor/laravel/framework/src/Illuminate/Container/Container.php(751): Illuminate\\Foundation\\Application->resolve()
#5 /home/mohammadi/Desktop/5G-back/vendor/laravel/framework/src/Illuminate/Foundation/Application.php(1028): Illuminate\\Container\\Container->make()
#6 /home/mohammadi/Desktop/5G-back/vendor/laravel/framework/src/Illuminate/Container/Container.php(1559): Illuminate\\Foundation\\Application->make()
#7 /home/mohammadi/Desktop/5G-back/vendor/laravel/framework/src/Illuminate/Support/Facades/Facade.php(237): Illuminate\\Container\\Container->offsetGet()
#8 /home/mohammadi/Desktop/5G-back/vendor/laravel/framework/src/Illuminate/Support/Facades/Facade.php(208): Illuminate\\Support\\Facades\\Facade::resolveFacadeInstance()
#9 /home/mohammadi/Desktop/5G-back/vendor/laravel/framework/src/Illuminate/Support/Facades/Facade.php(352): Illuminate\\Support\\Facades\\Facade::getFacadeRoot()
#10 /home/mohammadi/Desktop/5G-back/Modules/Log/app/Providers/LogServiceProvider.php(96): Illuminate\\Support\\Facades\\Facade::__callStatic()
#11 /home/mohammadi/Desktop/5G-back/Modules/Log/app/Providers/LogServiceProvider.php(26): Modules\\Log\\Providers\\LogServiceProvider->registerViews()
#12 /home/mohammadi/Desktop/5G-back/vendor/laravel/framework/src/Illuminate/Container/BoundMethod.php(36): Modules\\Log\\Providers\\LogServiceProvider->boot()
#13 /home/mohammadi/Desktop/5G-back/vendor/laravel/framework/src/Illuminate/Container/Util.php(43): Illuminate\\Container\\BoundMethod::Illuminate\\Container\\{closure}()
#14 /home/mohammadi/Desktop/5G-back/vendor/laravel/framework/src/Illuminate/Container/BoundMethod.php(95): Illuminate\\Container\\Util::unwrapIfClosure()
#15 /home/mohammadi/Desktop/5G-back/vendor/laravel/framework/src/Illuminate/Container/BoundMethod.php(35): Illuminate\\Container\\BoundMethod::callBoundMethod()
#16 /home/mohammadi/Desktop/5G-back/vendor/laravel/framework/src/Illuminate/Container/Container.php(690): Illuminate\\Container\\BoundMethod::call()
#17 /home/mohammadi/Desktop/5G-back/vendor/laravel/framework/src/Illuminate/Foundation/Application.php(1119): Illuminate\\Container\\Container->call()
#18 /home/mohammadi/Desktop/5G-back/vendor/laravel/framework/src/Illuminate/Foundation/Application.php(1100): Illuminate\\Foundation\\Application->bootProvider()
#19 [internal function]: Illuminate\\Foundation\\Application->Illuminate\\Foundation\\{closure}()
#20 /home/mohammadi/Desktop/5G-back/vendor/laravel/framework/src/Illuminate/Foundation/Application.php(1099): array_walk()
#21 /home/mohammadi/Desktop/5G-back/vendor/laravel/framework/src/Illuminate/Foundation/Bootstrap/BootProviders.php(17): Illuminate\\Foundation\\Application->boot()
#22 /home/mohammadi/Desktop/5G-back/vendor/laravel/framework/src/Illuminate/Foundation/Application.php(316): Illuminate\\Foundation\\Bootstrap\\BootProviders->bootstrap()
#23 /home/mohammadi/Desktop/5G-back/vendor/laravel/framework/src/Illuminate/Foundation/Console/Kernel.php(473): Illuminate\\Foundation\\Application->bootstrapWith()
#24 /home/mohammadi/Desktop/5G-back/vendor/laravel/framework/src/Illuminate/Foundation/Console/Kernel.php(195): Illuminate\\Foundation\\Console\\Kernel->bootstrap()
#25 Command line code(1): Illuminate\\Foundation\\Console\\Kernel->handle()
#26 {main}
"} 
[2025-01-10 08:32:04] local.ERROR: Please provide a valid cache path. {"exception":"[object] (InvalidArgumentException(code: 0): Please provide a valid cache path. at /home/mohammadi/Desktop/5G-back/vendor/laravel/framework/src/Illuminate/View/Compilers/Compiler.php:67)
[stacktrace]
#0 /home/mohammadi/Desktop/5G-back/vendor/laravel/framework/src/Illuminate/View/ViewServiceProvider.php(97): Illuminate\\View\\Compilers\\Compiler->__construct()
#1 /home/mohammadi/Desktop/5G-back/vendor/laravel/framework/src/Illuminate/Container/Container.php(931): Illuminate\\View\\ViewServiceProvider->Illuminate\\View\\{closure}()
#2 /home/mohammadi/Desktop/5G-back/vendor/laravel/framework/src/Illuminate/Container/Container.php(815): Illuminate\\Container\\Container->build()
#3 /home/mohammadi/Desktop/5G-back/vendor/laravel/framework/src/Illuminate/Foundation/Application.php(1046): Illuminate\\Container\\Container->resolve()
#4 /home/mohammadi/Desktop/5G-back/vendor/laravel/framework/src/Illuminate/Container/Container.php(751): Illuminate\\Foundation\\Application->resolve()
#5 /home/mohammadi/Desktop/5G-back/vendor/laravel/framework/src/Illuminate/Foundation/Application.php(1028): Illuminate\\Container\\Container->make()
#6 /home/mohammadi/Desktop/5G-back/vendor/laravel/framework/src/Illuminate/Container/Container.php(1559): Illuminate\\Foundation\\Application->make()
#7 /home/mohammadi/Desktop/5G-back/vendor/laravel/framework/src/Illuminate/Support/Facades/Facade.php(237): Illuminate\\Container\\Container->offsetGet()
#8 /home/mohammadi/Desktop/5G-back/vendor/laravel/framework/src/Illuminate/Support/Facades/Facade.php(208): Illuminate\\Support\\Facades\\Facade::resolveFacadeInstance()
#9 /home/mohammadi/Desktop/5G-back/vendor/laravel/framework/src/Illuminate/Support/Facades/Facade.php(352): Illuminate\\Support\\Facades\\Facade::getFacadeRoot()
#10 /home/mohammadi/Desktop/5G-back/Modules/Log/app/Providers/LogServiceProvider.php(96): Illuminate\\Support\\Facades\\Facade::__callStatic()
#11 /home/mohammadi/Desktop/5G-back/Modules/Log/app/Providers/LogServiceProvider.php(26): Modules\\Log\\Providers\\LogServiceProvider->registerViews()
#12 /home/mohammadi/Desktop/5G-back/vendor/laravel/framework/src/Illuminate/Container/BoundMethod.php(36): Modules\\Log\\Providers\\LogServiceProvider->boot()
#13 /home/mohammadi/Desktop/5G-back/vendor/laravel/framework/src/Illuminate/Container/Util.php(43): Illuminate\\Container\\BoundMethod::Illuminate\\Container\\{closure}()
#14 /home/mohammadi/Desktop/5G-back/vendor/laravel/framework/src/Illuminate/Container/BoundMethod.php(95): Illuminate\\Container\\Util::unwrapIfClosure()
#15 /home/mohammadi/Desktop/5G-back/vendor/laravel/framework/src/Illuminate/Container/BoundMethod.php(35): Illuminate\\Container\\BoundMethod::callBoundMethod()
#16 /home/mohammadi/Desktop/5G-back/vendor/laravel/framework/src/Illuminate/Container/Container.php(690): Illuminate\\Container\\BoundMethod::call()
#17 /home/mohammadi/Desktop/5G-back/vendor/laravel/framework/src/Illuminate/Foundation/Application.php(1119): Illuminate\\Container\\Container->call()
#18 /home/mohammadi/Desktop/5G-back/vendor/laravel/framework/src/Illuminate/Foundation/Application.php(1100): Illuminate\\Foundation\\Application->bootProvider()
#19 [internal function]: Illuminate\\Foundation\\Application->Illuminate\\Foundation\\{closure}()
#20 /home/mohammadi/Desktop/5G-back/vendor/laravel/framework/src/Illuminate/Foundation/Application.php(1099): array_walk()
#21 /home/mohammadi/Desktop/5G-back/vendor/laravel/framework/src/Illuminate/Foundation/Bootstrap/BootProviders.php(17): Illuminate\\Foundation\\Application->boot()
#22 /home/mohammadi/Desktop/5G-back/vendor/laravel/framework/src/Illuminate/Foundation/Application.php(316): Illuminate\\Foundation\\Bootstrap\\BootProviders->bootstrap()
#23 /home/mohammadi/Desktop/5G-back/vendor/laravel/framework/src/Illuminate/Foundation/Console/Kernel.php(473): Illuminate\\Foundation\\Application->bootstrapWith()
#24 /home/mohammadi/Desktop/5G-back/vendor/laravel/framework/src/Illuminate/Foundation/Console/Kernel.php(195): Illuminate\\Foundation\\Console\\Kernel->bootstrap()
#25 Command line code(1): Illuminate\\Foundation\\Console\\Kernel->handle()
#26 {main}
"} 
[2025-01-10 08:32:26] local.ERROR: Please provide a valid cache path. {"exception":"[object] (InvalidArgumentException(code: 0): Please provide a valid cache path. at /home/mohammadi/Desktop/5G-back/vendor/laravel/framework/src/Illuminate/View/Compilers/Compiler.php:67)
[stacktrace]
#0 /home/mohammadi/Desktop/5G-back/vendor/laravel/framework/src/Illuminate/View/ViewServiceProvider.php(97): Illuminate\\View\\Compilers\\Compiler->__construct()
#1 /home/mohammadi/Desktop/5G-back/vendor/laravel/framework/src/Illuminate/Container/Container.php(931): Illuminate\\View\\ViewServiceProvider->Illuminate\\View\\{closure}()
#2 /home/mohammadi/Desktop/5G-back/vendor/laravel/framework/src/Illuminate/Container/Container.php(815): Illuminate\\Container\\Container->build()
#3 /home/mohammadi/Desktop/5G-back/vendor/laravel/framework/src/Illuminate/Foundation/Application.php(1046): Illuminate\\Container\\Container->resolve()
#4 /home/mohammadi/Desktop/5G-back/vendor/laravel/framework/src/Illuminate/Container/Container.php(751): Illuminate\\Foundation\\Application->resolve()
#5 /home/mohammadi/Desktop/5G-back/vendor/laravel/framework/src/Illuminate/Foundation/Application.php(1028): Illuminate\\Container\\Container->make()
#6 /home/mohammadi/Desktop/5G-back/vendor/laravel/framework/src/Illuminate/Container/Container.php(1559): Illuminate\\Foundation\\Application->make()
#7 /home/mohammadi/Desktop/5G-back/vendor/laravel/framework/src/Illuminate/Support/Facades/Facade.php(237): Illuminate\\Container\\Container->offsetGet()
#8 /home/mohammadi/Desktop/5G-back/vendor/laravel/framework/src/Illuminate/Support/Facades/Facade.php(208): Illuminate\\Support\\Facades\\Facade::resolveFacadeInstance()
#9 /home/mohammadi/Desktop/5G-back/vendor/laravel/framework/src/Illuminate/Support/Facades/Facade.php(352): Illuminate\\Support\\Facades\\Facade::getFacadeRoot()
#10 /home/mohammadi/Desktop/5G-back/Modules/Log/app/Providers/LogServiceProvider.php(96): Illuminate\\Support\\Facades\\Facade::__callStatic()
#11 /home/mohammadi/Desktop/5G-back/Modules/Log/app/Providers/LogServiceProvider.php(26): Modules\\Log\\Providers\\LogServiceProvider->registerViews()
#12 /home/mohammadi/Desktop/5G-back/vendor/laravel/framework/src/Illuminate/Container/BoundMethod.php(36): Modules\\Log\\Providers\\LogServiceProvider->boot()
#13 /home/mohammadi/Desktop/5G-back/vendor/laravel/framework/src/Illuminate/Container/Util.php(43): Illuminate\\Container\\BoundMethod::Illuminate\\Container\\{closure}()
#14 /home/mohammadi/Desktop/5G-back/vendor/laravel/framework/src/Illuminate/Container/BoundMethod.php(95): Illuminate\\Container\\Util::unwrapIfClosure()
#15 /home/mohammadi/Desktop/5G-back/vendor/laravel/framework/src/Illuminate/Container/BoundMethod.php(35): Illuminate\\Container\\BoundMethod::callBoundMethod()
#16 /home/mohammadi/Desktop/5G-back/vendor/laravel/framework/src/Illuminate/Container/Container.php(690): Illuminate\\Container\\BoundMethod::call()
#17 /home/mohammadi/Desktop/5G-back/vendor/laravel/framework/src/Illuminate/Foundation/Application.php(1119): Illuminate\\Container\\Container->call()
#18 /home/mohammadi/Desktop/5G-back/vendor/laravel/framework/src/Illuminate/Foundation/Application.php(1100): Illuminate\\Foundation\\Application->bootProvider()
#19 [internal function]: Illuminate\\Foundation\\Application->Illuminate\\Foundation\\{closure}()
#20 /home/mohammadi/Desktop/5G-back/vendor/laravel/framework/src/Illuminate/Foundation/Application.php(1099): array_walk()
#21 /home/mohammadi/Desktop/5G-back/vendor/laravel/framework/src/Illuminate/Foundation/Bootstrap/BootProviders.php(17): Illuminate\\Foundation\\Application->boot()
#22 /home/mohammadi/Desktop/5G-back/vendor/laravel/framework/src/Illuminate/Foundation/Application.php(316): Illuminate\\Foundation\\Bootstrap\\BootProviders->bootstrap()
#23 /home/mohammadi/Desktop/5G-back/vendor/laravel/framework/src/Illuminate/Foundation/Console/Kernel.php(473): Illuminate\\Foundation\\Application->bootstrapWith()
#24 /home/mohammadi/Desktop/5G-back/vendor/laravel/framework/src/Illuminate/Foundation/Console/Kernel.php(195): Illuminate\\Foundation\\Console\\Kernel->bootstrap()
#25 Command line code(1): Illuminate\\Foundation\\Console\\Kernel->handle()
#26 {main}
"} 
[2025-01-10 08:32:27] local.ERROR: Please provide a valid cache path. {"exception":"[object] (InvalidArgumentException(code: 0): Please provide a valid cache path. at /home/mohammadi/Desktop/5G-back/vendor/laravel/framework/src/Illuminate/View/Compilers/Compiler.php:67)
[stacktrace]
#0 /home/mohammadi/Desktop/5G-back/vendor/laravel/framework/src/Illuminate/View/ViewServiceProvider.php(97): Illuminate\\View\\Compilers\\Compiler->__construct()
#1 /home/mohammadi/Desktop/5G-back/vendor/laravel/framework/src/Illuminate/Container/Container.php(931): Illuminate\\View\\ViewServiceProvider->Illuminate\\View\\{closure}()
#2 /home/mohammadi/Desktop/5G-back/vendor/laravel/framework/src/Illuminate/Container/Container.php(815): Illuminate\\Container\\Container->build()
#3 /home/mohammadi/Desktop/5G-back/vendor/laravel/framework/src/Illuminate/Foundation/Application.php(1046): Illuminate\\Container\\Container->resolve()
#4 /home/mohammadi/Desktop/5G-back/vendor/laravel/framework/src/Illuminate/Container/Container.php(751): Illuminate\\Foundation\\Application->resolve()
#5 /home/mohammadi/Desktop/5G-back/vendor/laravel/framework/src/Illuminate/Foundation/Application.php(1028): Illuminate\\Container\\Container->make()
#6 /home/mohammadi/Desktop/5G-back/vendor/laravel/framework/src/Illuminate/Container/Container.php(1559): Illuminate\\Foundation\\Application->make()
#7 /home/mohammadi/Desktop/5G-back/vendor/laravel/framework/src/Illuminate/Support/Facades/Facade.php(237): Illuminate\\Container\\Container->offsetGet()
#8 /home/mohammadi/Desktop/5G-back/vendor/laravel/framework/src/Illuminate/Support/Facades/Facade.php(208): Illuminate\\Support\\Facades\\Facade::resolveFacadeInstance()
#9 /home/mohammadi/Desktop/5G-back/vendor/laravel/framework/src/Illuminate/Support/Facades/Facade.php(352): Illuminate\\Support\\Facades\\Facade::getFacadeRoot()
#10 /home/mohammadi/Desktop/5G-back/Modules/Log/app/Providers/LogServiceProvider.php(96): Illuminate\\Support\\Facades\\Facade::__callStatic()
#11 /home/mohammadi/Desktop/5G-back/Modules/Log/app/Providers/LogServiceProvider.php(26): Modules\\Log\\Providers\\LogServiceProvider->registerViews()
#12 /home/mohammadi/Desktop/5G-back/vendor/laravel/framework/src/Illuminate/Container/BoundMethod.php(36): Modules\\Log\\Providers\\LogServiceProvider->boot()
#13 /home/mohammadi/Desktop/5G-back/vendor/laravel/framework/src/Illuminate/Container/Util.php(43): Illuminate\\Container\\BoundMethod::Illuminate\\Container\\{closure}()
#14 /home/mohammadi/Desktop/5G-back/vendor/laravel/framework/src/Illuminate/Container/BoundMethod.php(95): Illuminate\\Container\\Util::unwrapIfClosure()
#15 /home/mohammadi/Desktop/5G-back/vendor/laravel/framework/src/Illuminate/Container/BoundMethod.php(35): Illuminate\\Container\\BoundMethod::callBoundMethod()
#16 /home/mohammadi/Desktop/5G-back/vendor/laravel/framework/src/Illuminate/Container/Container.php(690): Illuminate\\Container\\BoundMethod::call()
#17 /home/mohammadi/Desktop/5G-back/vendor/laravel/framework/src/Illuminate/Foundation/Application.php(1119): Illuminate\\Container\\Container->call()
#18 /home/mohammadi/Desktop/5G-back/vendor/laravel/framework/src/Illuminate/Foundation/Application.php(1100): Illuminate\\Foundation\\Application->bootProvider()
#19 [internal function]: Illuminate\\Foundation\\Application->Illuminate\\Foundation\\{closure}()
#20 /home/mohammadi/Desktop/5G-back/vendor/laravel/framework/src/Illuminate/Foundation/Application.php(1099): array_walk()
#21 /home/mohammadi/Desktop/5G-back/vendor/laravel/framework/src/Illuminate/Foundation/Bootstrap/BootProviders.php(17): Illuminate\\Foundation\\Application->boot()
#22 /home/mohammadi/Desktop/5G-back/vendor/laravel/framework/src/Illuminate/Foundation/Application.php(316): Illuminate\\Foundation\\Bootstrap\\BootProviders->bootstrap()
#23 /home/mohammadi/Desktop/5G-back/vendor/laravel/framework/src/Illuminate/Foundation/Console/Kernel.php(473): Illuminate\\Foundation\\Application->bootstrapWith()
#24 /home/mohammadi/Desktop/5G-back/vendor/laravel/framework/src/Illuminate/Foundation/Console/Kernel.php(195): Illuminate\\Foundation\\Console\\Kernel->bootstrap()
#25 Command line code(1): Illuminate\\Foundation\\Console\\Kernel->handle()
#26 {main}
"} 
[2025-01-10 08:32:27] local.ERROR: Please provide a valid cache path. {"exception":"[object] (InvalidArgumentException(code: 0): Please provide a valid cache path. at /home/mohammadi/Desktop/5G-back/vendor/laravel/framework/src/Illuminate/View/Compilers/Compiler.php:67)
[stacktrace]
#0 /home/mohammadi/Desktop/5G-back/vendor/laravel/framework/src/Illuminate/View/ViewServiceProvider.php(97): Illuminate\\View\\Compilers\\Compiler->__construct()
#1 /home/mohammadi/Desktop/5G-back/vendor/laravel/framework/src/Illuminate/Container/Container.php(931): Illuminate\\View\\ViewServiceProvider->Illuminate\\View\\{closure}()
#2 /home/mohammadi/Desktop/5G-back/vendor/laravel/framework/src/Illuminate/Container/Container.php(815): Illuminate\\Container\\Container->build()
#3 /home/mohammadi/Desktop/5G-back/vendor/laravel/framework/src/Illuminate/Foundation/Application.php(1046): Illuminate\\Container\\Container->resolve()
#4 /home/mohammadi/Desktop/5G-back/vendor/laravel/framework/src/Illuminate/Container/Container.php(751): Illuminate\\Foundation\\Application->resolve()
#5 /home/mohammadi/Desktop/5G-back/vendor/laravel/framework/src/Illuminate/Foundation/Application.php(1028): Illuminate\\Container\\Container->make()
#6 /home/mohammadi/Desktop/5G-back/vendor/laravel/framework/src/Illuminate/Container/Container.php(1559): Illuminate\\Foundation\\Application->make()
#7 /home/mohammadi/Desktop/5G-back/vendor/laravel/framework/src/Illuminate/Support/Facades/Facade.php(237): Illuminate\\Container\\Container->offsetGet()
#8 /home/mohammadi/Desktop/5G-back/vendor/laravel/framework/src/Illuminate/Support/Facades/Facade.php(208): Illuminate\\Support\\Facades\\Facade::resolveFacadeInstance()
#9 /home/mohammadi/Desktop/5G-back/vendor/laravel/framework/src/Illuminate/Support/Facades/Facade.php(352): Illuminate\\Support\\Facades\\Facade::getFacadeRoot()
#10 /home/mohammadi/Desktop/5G-back/Modules/Log/app/Providers/LogServiceProvider.php(96): Illuminate\\Support\\Facades\\Facade::__callStatic()
#11 /home/mohammadi/Desktop/5G-back/Modules/Log/app/Providers/LogServiceProvider.php(26): Modules\\Log\\Providers\\LogServiceProvider->registerViews()
#12 /home/mohammadi/Desktop/5G-back/vendor/laravel/framework/src/Illuminate/Container/BoundMethod.php(36): Modules\\Log\\Providers\\LogServiceProvider->boot()
#13 /home/mohammadi/Desktop/5G-back/vendor/laravel/framework/src/Illuminate/Container/Util.php(43): Illuminate\\Container\\BoundMethod::Illuminate\\Container\\{closure}()
#14 /home/mohammadi/Desktop/5G-back/vendor/laravel/framework/src/Illuminate/Container/BoundMethod.php(95): Illuminate\\Container\\Util::unwrapIfClosure()
#15 /home/mohammadi/Desktop/5G-back/vendor/laravel/framework/src/Illuminate/Container/BoundMethod.php(35): Illuminate\\Container\\BoundMethod::callBoundMethod()
#16 /home/mohammadi/Desktop/5G-back/vendor/laravel/framework/src/Illuminate/Container/Container.php(690): Illuminate\\Container\\BoundMethod::call()
#17 /home/mohammadi/Desktop/5G-back/vendor/laravel/framework/src/Illuminate/Foundation/Application.php(1119): Illuminate\\Container\\Container->call()
#18 /home/mohammadi/Desktop/5G-back/vendor/laravel/framework/src/Illuminate/Foundation/Application.php(1100): Illuminate\\Foundation\\Application->bootProvider()
#19 [internal function]: Illuminate\\Foundation\\Application->Illuminate\\Foundation\\{closure}()
#20 /home/mohammadi/Desktop/5G-back/vendor/laravel/framework/src/Illuminate/Foundation/Application.php(1099): array_walk()
#21 /home/mohammadi/Desktop/5G-back/vendor/laravel/framework/src/Illuminate/Foundation/Bootstrap/BootProviders.php(17): Illuminate\\Foundation\\Application->boot()
#22 /home/mohammadi/Desktop/5G-back/vendor/laravel/framework/src/Illuminate/Foundation/Application.php(316): Illuminate\\Foundation\\Bootstrap\\BootProviders->bootstrap()
#23 /home/mohammadi/Desktop/5G-back/vendor/laravel/framework/src/Illuminate/Foundation/Console/Kernel.php(473): Illuminate\\Foundation\\Application->bootstrapWith()
#24 /home/mohammadi/Desktop/5G-back/vendor/laravel/framework/src/Illuminate/Foundation/Console/Kernel.php(195): Illuminate\\Foundation\\Console\\Kernel->bootstrap()
#25 Command line code(1): Illuminate\\Foundation\\Console\\Kernel->handle()
#26 {main}
"} 
[2025-01-10 08:33:19] local.ERROR: Please provide a valid cache path. {"exception":"[object] (InvalidArgumentException(code: 0): Please provide a valid cache path. at /home/mohammadi/Desktop/5G-back/vendor/laravel/framework/src/Illuminate/View/Compilers/Compiler.php:67)
[stacktrace]
#0 /home/mohammadi/Desktop/5G-back/vendor/laravel/framework/src/Illuminate/View/ViewServiceProvider.php(97): Illuminate\\View\\Compilers\\Compiler->__construct()
#1 /home/mohammadi/Desktop/5G-back/vendor/laravel/framework/src/Illuminate/Container/Container.php(931): Illuminate\\View\\ViewServiceProvider->Illuminate\\View\\{closure}()
#2 /home/mohammadi/Desktop/5G-back/vendor/laravel/framework/src/Illuminate/Container/Container.php(815): Illuminate\\Container\\Container->build()
#3 /home/mohammadi/Desktop/5G-back/vendor/laravel/framework/src/Illuminate/Foundation/Application.php(1046): Illuminate\\Container\\Container->resolve()
#4 /home/mohammadi/Desktop/5G-back/vendor/laravel/framework/src/Illuminate/Container/Container.php(751): Illuminate\\Foundation\\Application->resolve()
#5 /home/mohammadi/Desktop/5G-back/vendor/laravel/framework/src/Illuminate/Foundation/Application.php(1028): Illuminate\\Container\\Container->make()
#6 /home/mohammadi/Desktop/5G-back/vendor/laravel/framework/src/Illuminate/Container/Container.php(1559): Illuminate\\Foundation\\Application->make()
#7 /home/mohammadi/Desktop/5G-back/vendor/laravel/framework/src/Illuminate/Support/Facades/Facade.php(237): Illuminate\\Container\\Container->offsetGet()
#8 /home/mohammadi/Desktop/5G-back/vendor/laravel/framework/src/Illuminate/Support/Facades/Facade.php(208): Illuminate\\Support\\Facades\\Facade::resolveFacadeInstance()
#9 /home/mohammadi/Desktop/5G-back/vendor/laravel/framework/src/Illuminate/Support/Facades/Facade.php(352): Illuminate\\Support\\Facades\\Facade::getFacadeRoot()
#10 /home/mohammadi/Desktop/5G-back/Modules/Log/app/Providers/LogServiceProvider.php(96): Illuminate\\Support\\Facades\\Facade::__callStatic()
#11 /home/mohammadi/Desktop/5G-back/Modules/Log/app/Providers/LogServiceProvider.php(26): Modules\\Log\\Providers\\LogServiceProvider->registerViews()
#12 /home/mohammadi/Desktop/5G-back/vendor/laravel/framework/src/Illuminate/Container/BoundMethod.php(36): Modules\\Log\\Providers\\LogServiceProvider->boot()
#13 /home/mohammadi/Desktop/5G-back/vendor/laravel/framework/src/Illuminate/Container/Util.php(43): Illuminate\\Container\\BoundMethod::Illuminate\\Container\\{closure}()
#14 /home/mohammadi/Desktop/5G-back/vendor/laravel/framework/src/Illuminate/Container/BoundMethod.php(95): Illuminate\\Container\\Util::unwrapIfClosure()
#15 /home/mohammadi/Desktop/5G-back/vendor/laravel/framework/src/Illuminate/Container/BoundMethod.php(35): Illuminate\\Container\\BoundMethod::callBoundMethod()
#16 /home/mohammadi/Desktop/5G-back/vendor/laravel/framework/src/Illuminate/Container/Container.php(690): Illuminate\\Container\\BoundMethod::call()
#17 /home/mohammadi/Desktop/5G-back/vendor/laravel/framework/src/Illuminate/Foundation/Application.php(1119): Illuminate\\Container\\Container->call()
#18 /home/mohammadi/Desktop/5G-back/vendor/laravel/framework/src/Illuminate/Foundation/Application.php(1100): Illuminate\\Foundation\\Application->bootProvider()
#19 [internal function]: Illuminate\\Foundation\\Application->Illuminate\\Foundation\\{closure}()
#20 /home/mohammadi/Desktop/5G-back/vendor/laravel/framework/src/Illuminate/Foundation/Application.php(1099): array_walk()
#21 /home/mohammadi/Desktop/5G-back/vendor/laravel/framework/src/Illuminate/Foundation/Bootstrap/BootProviders.php(17): Illuminate\\Foundation\\Application->boot()
#22 /home/mohammadi/Desktop/5G-back/vendor/laravel/framework/src/Illuminate/Foundation/Application.php(316): Illuminate\\Foundation\\Bootstrap\\BootProviders->bootstrap()
#23 /home/mohammadi/Desktop/5G-back/vendor/laravel/framework/src/Illuminate/Foundation/Console/Kernel.php(473): Illuminate\\Foundation\\Application->bootstrapWith()
#24 /home/mohammadi/Desktop/5G-back/vendor/laravel/framework/src/Illuminate/Foundation/Console/Kernel.php(195): Illuminate\\Foundation\\Console\\Kernel->bootstrap()
#25 Command line code(1): Illuminate\\Foundation\\Console\\Kernel->handle()
#26 {main}
"} 
[2025-01-10 08:33:27] local.ERROR: Please provide a valid cache path. {"exception":"[object] (InvalidArgumentException(code: 0): Please provide a valid cache path. at /home/mohammadi/Desktop/5G-back/vendor/laravel/framework/src/Illuminate/View/Compilers/Compiler.php:67)
[stacktrace]
#0 /home/mohammadi/Desktop/5G-back/vendor/laravel/framework/src/Illuminate/View/ViewServiceProvider.php(97): Illuminate\\View\\Compilers\\Compiler->__construct()
#1 /home/mohammadi/Desktop/5G-back/vendor/laravel/framework/src/Illuminate/Container/Container.php(931): Illuminate\\View\\ViewServiceProvider->Illuminate\\View\\{closure}()
#2 /home/mohammadi/Desktop/5G-back/vendor/laravel/framework/src/Illuminate/Container/Container.php(815): Illuminate\\Container\\Container->build()
#3 /home/mohammadi/Desktop/5G-back/vendor/laravel/framework/src/Illuminate/Foundation/Application.php(1046): Illuminate\\Container\\Container->resolve()
#4 /home/mohammadi/Desktop/5G-back/vendor/laravel/framework/src/Illuminate/Container/Container.php(751): Illuminate\\Foundation\\Application->resolve()
#5 /home/mohammadi/Desktop/5G-back/vendor/laravel/framework/src/Illuminate/Foundation/Application.php(1028): Illuminate\\Container\\Container->make()
#6 /home/mohammadi/Desktop/5G-back/vendor/laravel/framework/src/Illuminate/Container/Container.php(1559): Illuminate\\Foundation\\Application->make()
#7 /home/mohammadi/Desktop/5G-back/vendor/laravel/framework/src/Illuminate/Support/Facades/Facade.php(237): Illuminate\\Container\\Container->offsetGet()
#8 /home/mohammadi/Desktop/5G-back/vendor/laravel/framework/src/Illuminate/Support/Facades/Facade.php(208): Illuminate\\Support\\Facades\\Facade::resolveFacadeInstance()
#9 /home/mohammadi/Desktop/5G-back/vendor/laravel/framework/src/Illuminate/Support/Facades/Facade.php(352): Illuminate\\Support\\Facades\\Facade::getFacadeRoot()
#10 /home/mohammadi/Desktop/5G-back/Modules/Log/app/Providers/LogServiceProvider.php(96): Illuminate\\Support\\Facades\\Facade::__callStatic()
#11 /home/mohammadi/Desktop/5G-back/Modules/Log/app/Providers/LogServiceProvider.php(26): Modules\\Log\\Providers\\LogServiceProvider->registerViews()
#12 /home/mohammadi/Desktop/5G-back/vendor/laravel/framework/src/Illuminate/Container/BoundMethod.php(36): Modules\\Log\\Providers\\LogServiceProvider->boot()
#13 /home/mohammadi/Desktop/5G-back/vendor/laravel/framework/src/Illuminate/Container/Util.php(43): Illuminate\\Container\\BoundMethod::Illuminate\\Container\\{closure}()
#14 /home/mohammadi/Desktop/5G-back/vendor/laravel/framework/src/Illuminate/Container/BoundMethod.php(95): Illuminate\\Container\\Util::unwrapIfClosure()
#15 /home/mohammadi/Desktop/5G-back/vendor/laravel/framework/src/Illuminate/Container/BoundMethod.php(35): Illuminate\\Container\\BoundMethod::callBoundMethod()
#16 /home/mohammadi/Desktop/5G-back/vendor/laravel/framework/src/Illuminate/Container/Container.php(690): Illuminate\\Container\\BoundMethod::call()
#17 /home/mohammadi/Desktop/5G-back/vendor/laravel/framework/src/Illuminate/Foundation/Application.php(1119): Illuminate\\Container\\Container->call()
#18 /home/mohammadi/Desktop/5G-back/vendor/laravel/framework/src/Illuminate/Foundation/Application.php(1100): Illuminate\\Foundation\\Application->bootProvider()
#19 [internal function]: Illuminate\\Foundation\\Application->Illuminate\\Foundation\\{closure}()
#20 /home/mohammadi/Desktop/5G-back/vendor/laravel/framework/src/Illuminate/Foundation/Application.php(1099): array_walk()
#21 /home/mohammadi/Desktop/5G-back/vendor/laravel/framework/src/Illuminate/Foundation/Bootstrap/BootProviders.php(17): Illuminate\\Foundation\\Application->boot()
#22 /home/mohammadi/Desktop/5G-back/vendor/laravel/framework/src/Illuminate/Foundation/Application.php(316): Illuminate\\Foundation\\Bootstrap\\BootProviders->bootstrap()
#23 /home/mohammadi/Desktop/5G-back/vendor/laravel/framework/src/Illuminate/Foundation/Console/Kernel.php(473): Illuminate\\Foundation\\Application->bootstrapWith()
#24 /home/mohammadi/Desktop/5G-back/vendor/laravel/framework/src/Illuminate/Foundation/Console/Kernel.php(195): Illuminate\\Foundation\\Console\\Kernel->bootstrap()
#25 Command line code(1): Illuminate\\Foundation\\Console\\Kernel->handle()
#26 {main}
"} 
[2025-01-10 08:33:27] local.ERROR: Please provide a valid cache path. {"exception":"[object] (InvalidArgumentException(code: 0): Please provide a valid cache path. at /home/mohammadi/Desktop/5G-back/vendor/laravel/framework/src/Illuminate/View/Compilers/Compiler.php:67)
[stacktrace]
#0 /home/mohammadi/Desktop/5G-back/vendor/laravel/framework/src/Illuminate/View/ViewServiceProvider.php(97): Illuminate\\View\\Compilers\\Compiler->__construct()
#1 /home/mohammadi/Desktop/5G-back/vendor/laravel/framework/src/Illuminate/Container/Container.php(931): Illuminate\\View\\ViewServiceProvider->Illuminate\\View\\{closure}()
#2 /home/mohammadi/Desktop/5G-back/vendor/laravel/framework/src/Illuminate/Container/Container.php(815): Illuminate\\Container\\Container->build()
#3 /home/mohammadi/Desktop/5G-back/vendor/laravel/framework/src/Illuminate/Foundation/Application.php(1046): Illuminate\\Container\\Container->resolve()
#4 /home/mohammadi/Desktop/5G-back/vendor/laravel/framework/src/Illuminate/Container/Container.php(751): Illuminate\\Foundation\\Application->resolve()
#5 /home/mohammadi/Desktop/5G-back/vendor/laravel/framework/src/Illuminate/Foundation/Application.php(1028): Illuminate\\Container\\Container->make()
#6 /home/mohammadi/Desktop/5G-back/vendor/laravel/framework/src/Illuminate/Container/Container.php(1559): Illuminate\\Foundation\\Application->make()
#7 /home/mohammadi/Desktop/5G-back/vendor/laravel/framework/src/Illuminate/Support/Facades/Facade.php(237): Illuminate\\Container\\Container->offsetGet()
#8 /home/mohammadi/Desktop/5G-back/vendor/laravel/framework/src/Illuminate/Support/Facades/Facade.php(208): Illuminate\\Support\\Facades\\Facade::resolveFacadeInstance()
#9 /home/mohammadi/Desktop/5G-back/vendor/laravel/framework/src/Illuminate/Support/Facades/Facade.php(352): Illuminate\\Support\\Facades\\Facade::getFacadeRoot()
#10 /home/mohammadi/Desktop/5G-back/Modules/Log/app/Providers/LogServiceProvider.php(96): Illuminate\\Support\\Facades\\Facade::__callStatic()
#11 /home/mohammadi/Desktop/5G-back/Modules/Log/app/Providers/LogServiceProvider.php(26): Modules\\Log\\Providers\\LogServiceProvider->registerViews()
#12 /home/mohammadi/Desktop/5G-back/vendor/laravel/framework/src/Illuminate/Container/BoundMethod.php(36): Modules\\Log\\Providers\\LogServiceProvider->boot()
#13 /home/mohammadi/Desktop/5G-back/vendor/laravel/framework/src/Illuminate/Container/Util.php(43): Illuminate\\Container\\BoundMethod::Illuminate\\Container\\{closure}()
#14 /home/mohammadi/Desktop/5G-back/vendor/laravel/framework/src/Illuminate/Container/BoundMethod.php(95): Illuminate\\Container\\Util::unwrapIfClosure()
#15 /home/mohammadi/Desktop/5G-back/vendor/laravel/framework/src/Illuminate/Container/BoundMethod.php(35): Illuminate\\Container\\BoundMethod::callBoundMethod()
#16 /home/mohammadi/Desktop/5G-back/vendor/laravel/framework/src/Illuminate/Container/Container.php(690): Illuminate\\Container\\BoundMethod::call()
#17 /home/mohammadi/Desktop/5G-back/vendor/laravel/framework/src/Illuminate/Foundation/Application.php(1119): Illuminate\\Container\\Container->call()
#18 /home/mohammadi/Desktop/5G-back/vendor/laravel/framework/src/Illuminate/Foundation/Application.php(1100): Illuminate\\Foundation\\Application->bootProvider()
#19 [internal function]: Illuminate\\Foundation\\Application->Illuminate\\Foundation\\{closure}()
#20 /home/mohammadi/Desktop/5G-back/vendor/laravel/framework/src/Illuminate/Foundation/Application.php(1099): array_walk()
#21 /home/mohammadi/Desktop/5G-back/vendor/laravel/framework/src/Illuminate/Foundation/Bootstrap/BootProviders.php(17): Illuminate\\Foundation\\Application->boot()
#22 /home/mohammadi/Desktop/5G-back/vendor/laravel/framework/src/Illuminate/Foundation/Application.php(316): Illuminate\\Foundation\\Bootstrap\\BootProviders->bootstrap()
#23 /home/mohammadi/Desktop/5G-back/vendor/laravel/framework/src/Illuminate/Foundation/Console/Kernel.php(473): Illuminate\\Foundation\\Application->bootstrapWith()
#24 /home/mohammadi/Desktop/5G-back/vendor/laravel/framework/src/Illuminate/Foundation/Console/Kernel.php(195): Illuminate\\Foundation\\Console\\Kernel->bootstrap()
#25 Command line code(1): Illuminate\\Foundation\\Console\\Kernel->handle()
#26 {main}
"} 
[2025-01-10 08:34:02] local.ERROR: Please provide a valid cache path. {"exception":"[object] (InvalidArgumentException(code: 0): Please provide a valid cache path. at /home/mohammadi/Desktop/5G-back/vendor/laravel/framework/src/Illuminate/View/Compilers/Compiler.php:67)
[stacktrace]
#0 /home/mohammadi/Desktop/5G-back/vendor/laravel/framework/src/Illuminate/View/ViewServiceProvider.php(97): Illuminate\\View\\Compilers\\Compiler->__construct()
#1 /home/mohammadi/Desktop/5G-back/vendor/laravel/framework/src/Illuminate/Container/Container.php(931): Illuminate\\View\\ViewServiceProvider->Illuminate\\View\\{closure}()
#2 /home/mohammadi/Desktop/5G-back/vendor/laravel/framework/src/Illuminate/Container/Container.php(815): Illuminate\\Container\\Container->build()
#3 /home/mohammadi/Desktop/5G-back/vendor/laravel/framework/src/Illuminate/Foundation/Application.php(1046): Illuminate\\Container\\Container->resolve()
#4 /home/mohammadi/Desktop/5G-back/vendor/laravel/framework/src/Illuminate/Container/Container.php(751): Illuminate\\Foundation\\Application->resolve()
#5 /home/mohammadi/Desktop/5G-back/vendor/laravel/framework/src/Illuminate/Foundation/Application.php(1028): Illuminate\\Container\\Container->make()
#6 /home/mohammadi/Desktop/5G-back/vendor/laravel/framework/src/Illuminate/Container/Container.php(1559): Illuminate\\Foundation\\Application->make()
#7 /home/mohammadi/Desktop/5G-back/vendor/laravel/framework/src/Illuminate/Support/Facades/Facade.php(237): Illuminate\\Container\\Container->offsetGet()
#8 /home/mohammadi/Desktop/5G-back/vendor/laravel/framework/src/Illuminate/Support/Facades/Facade.php(208): Illuminate\\Support\\Facades\\Facade::resolveFacadeInstance()
#9 /home/mohammadi/Desktop/5G-back/vendor/laravel/framework/src/Illuminate/Support/Facades/Facade.php(352): Illuminate\\Support\\Facades\\Facade::getFacadeRoot()
#10 /home/mohammadi/Desktop/5G-back/Modules/Log/app/Providers/LogServiceProvider.php(96): Illuminate\\Support\\Facades\\Facade::__callStatic()
#11 /home/mohammadi/Desktop/5G-back/Modules/Log/app/Providers/LogServiceProvider.php(26): Modules\\Log\\Providers\\LogServiceProvider->registerViews()
#12 /home/mohammadi/Desktop/5G-back/vendor/laravel/framework/src/Illuminate/Container/BoundMethod.php(36): Modules\\Log\\Providers\\LogServiceProvider->boot()
#13 /home/mohammadi/Desktop/5G-back/vendor/laravel/framework/src/Illuminate/Container/Util.php(43): Illuminate\\Container\\BoundMethod::Illuminate\\Container\\{closure}()
#14 /home/mohammadi/Desktop/5G-back/vendor/laravel/framework/src/Illuminate/Container/BoundMethod.php(95): Illuminate\\Container\\Util::unwrapIfClosure()
#15 /home/mohammadi/Desktop/5G-back/vendor/laravel/framework/src/Illuminate/Container/BoundMethod.php(35): Illuminate\\Container\\BoundMethod::callBoundMethod()
#16 /home/mohammadi/Desktop/5G-back/vendor/laravel/framework/src/Illuminate/Container/Container.php(690): Illuminate\\Container\\BoundMethod::call()
#17 /home/mohammadi/Desktop/5G-back/vendor/laravel/framework/src/Illuminate/Foundation/Application.php(1119): Illuminate\\Container\\Container->call()
#18 /home/mohammadi/Desktop/5G-back/vendor/laravel/framework/src/Illuminate/Foundation/Application.php(1100): Illuminate\\Foundation\\Application->bootProvider()
#19 [internal function]: Illuminate\\Foundation\\Application->Illuminate\\Foundation\\{closure}()
#20 /home/mohammadi/Desktop/5G-back/vendor/laravel/framework/src/Illuminate/Foundation/Application.php(1099): array_walk()
#21 /home/mohammadi/Desktop/5G-back/vendor/laravel/framework/src/Illuminate/Foundation/Bootstrap/BootProviders.php(17): Illuminate\\Foundation\\Application->boot()
#22 /home/mohammadi/Desktop/5G-back/vendor/laravel/framework/src/Illuminate/Foundation/Application.php(316): Illuminate\\Foundation\\Bootstrap\\BootProviders->bootstrap()
#23 /home/mohammadi/Desktop/5G-back/vendor/laravel/framework/src/Illuminate/Foundation/Console/Kernel.php(473): Illuminate\\Foundation\\Application->bootstrapWith()
#24 /home/mohammadi/Desktop/5G-back/vendor/laravel/framework/src/Illuminate/Foundation/Console/Kernel.php(195): Illuminate\\Foundation\\Console\\Kernel->bootstrap()
#25 Command line code(1): Illuminate\\Foundation\\Console\\Kernel->handle()
#26 {main}
"} 
[2025-01-10 08:34:14] local.ERROR: Please provide a valid cache path. {"exception":"[object] (InvalidArgumentException(code: 0): Please provide a valid cache path. at /home/mohammadi/Desktop/5G-back/vendor/laravel/framework/src/Illuminate/View/Compilers/Compiler.php:67)
[stacktrace]
#0 /home/mohammadi/Desktop/5G-back/vendor/laravel/framework/src/Illuminate/View/ViewServiceProvider.php(97): Illuminate\\View\\Compilers\\Compiler->__construct()
#1 /home/mohammadi/Desktop/5G-back/vendor/laravel/framework/src/Illuminate/Container/Container.php(931): Illuminate\\View\\ViewServiceProvider->Illuminate\\View\\{closure}()
#2 /home/mohammadi/Desktop/5G-back/vendor/laravel/framework/src/Illuminate/Container/Container.php(815): Illuminate\\Container\\Container->build()
#3 /home/mohammadi/Desktop/5G-back/vendor/laravel/framework/src/Illuminate/Foundation/Application.php(1046): Illuminate\\Container\\Container->resolve()
#4 /home/mohammadi/Desktop/5G-back/vendor/laravel/framework/src/Illuminate/Container/Container.php(751): Illuminate\\Foundation\\Application->resolve()
#5 /home/mohammadi/Desktop/5G-back/vendor/laravel/framework/src/Illuminate/Foundation/Application.php(1028): Illuminate\\Container\\Container->make()
#6 /home/mohammadi/Desktop/5G-back/vendor/laravel/framework/src/Illuminate/Container/Container.php(1559): Illuminate\\Foundation\\Application->make()
#7 /home/mohammadi/Desktop/5G-back/vendor/laravel/framework/src/Illuminate/Support/Facades/Facade.php(237): Illuminate\\Container\\Container->offsetGet()
#8 /home/mohammadi/Desktop/5G-back/vendor/laravel/framework/src/Illuminate/Support/Facades/Facade.php(208): Illuminate\\Support\\Facades\\Facade::resolveFacadeInstance()
#9 /home/mohammadi/Desktop/5G-back/vendor/laravel/framework/src/Illuminate/Support/Facades/Facade.php(352): Illuminate\\Support\\Facades\\Facade::getFacadeRoot()
#10 /home/mohammadi/Desktop/5G-back/Modules/Log/app/Providers/LogServiceProvider.php(96): Illuminate\\Support\\Facades\\Facade::__callStatic()
#11 /home/mohammadi/Desktop/5G-back/Modules/Log/app/Providers/LogServiceProvider.php(26): Modules\\Log\\Providers\\LogServiceProvider->registerViews()
#12 /home/mohammadi/Desktop/5G-back/vendor/laravel/framework/src/Illuminate/Container/BoundMethod.php(36): Modules\\Log\\Providers\\LogServiceProvider->boot()
#13 /home/mohammadi/Desktop/5G-back/vendor/laravel/framework/src/Illuminate/Container/Util.php(43): Illuminate\\Container\\BoundMethod::Illuminate\\Container\\{closure}()
#14 /home/mohammadi/Desktop/5G-back/vendor/laravel/framework/src/Illuminate/Container/BoundMethod.php(95): Illuminate\\Container\\Util::unwrapIfClosure()
#15 /home/mohammadi/Desktop/5G-back/vendor/laravel/framework/src/Illuminate/Container/BoundMethod.php(35): Illuminate\\Container\\BoundMethod::callBoundMethod()
#16 /home/mohammadi/Desktop/5G-back/vendor/laravel/framework/src/Illuminate/Container/Container.php(690): Illuminate\\Container\\BoundMethod::call()
#17 /home/mohammadi/Desktop/5G-back/vendor/laravel/framework/src/Illuminate/Foundation/Application.php(1119): Illuminate\\Container\\Container->call()
#18 /home/mohammadi/Desktop/5G-back/vendor/laravel/framework/src/Illuminate/Foundation/Application.php(1100): Illuminate\\Foundation\\Application->bootProvider()
#19 [internal function]: Illuminate\\Foundation\\Application->Illuminate\\Foundation\\{closure}()
#20 /home/mohammadi/Desktop/5G-back/vendor/laravel/framework/src/Illuminate/Foundation/Application.php(1099): array_walk()
#21 /home/mohammadi/Desktop/5G-back/vendor/laravel/framework/src/Illuminate/Foundation/Bootstrap/BootProviders.php(17): Illuminate\\Foundation\\Application->boot()
#22 /home/mohammadi/Desktop/5G-back/vendor/laravel/framework/src/Illuminate/Foundation/Application.php(316): Illuminate\\Foundation\\Bootstrap\\BootProviders->bootstrap()
#23 /home/mohammadi/Desktop/5G-back/vendor/laravel/framework/src/Illuminate/Foundation/Console/Kernel.php(473): Illuminate\\Foundation\\Application->bootstrapWith()
#24 /home/mohammadi/Desktop/5G-back/vendor/laravel/framework/src/Illuminate/Foundation/Console/Kernel.php(195): Illuminate\\Foundation\\Console\\Kernel->bootstrap()
#25 Command line code(1): Illuminate\\Foundation\\Console\\Kernel->handle()
#26 {main}
"} 
[2025-01-10 08:34:25] local.ERROR: Please provide a valid cache path. {"exception":"[object] (InvalidArgumentException(code: 0): Please provide a valid cache path. at /home/mohammadi/Desktop/5G-back/vendor/laravel/framework/src/Illuminate/View/Compilers/Compiler.php:67)
[stacktrace]
#0 /home/mohammadi/Desktop/5G-back/vendor/laravel/framework/src/Illuminate/View/ViewServiceProvider.php(97): Illuminate\\View\\Compilers\\Compiler->__construct()
#1 /home/mohammadi/Desktop/5G-back/vendor/laravel/framework/src/Illuminate/Container/Container.php(931): Illuminate\\View\\ViewServiceProvider->Illuminate\\View\\{closure}()
#2 /home/mohammadi/Desktop/5G-back/vendor/laravel/framework/src/Illuminate/Container/Container.php(815): Illuminate\\Container\\Container->build()
#3 /home/mohammadi/Desktop/5G-back/vendor/laravel/framework/src/Illuminate/Foundation/Application.php(1046): Illuminate\\Container\\Container->resolve()
#4 /home/mohammadi/Desktop/5G-back/vendor/laravel/framework/src/Illuminate/Container/Container.php(751): Illuminate\\Foundation\\Application->resolve()
#5 /home/mohammadi/Desktop/5G-back/vendor/laravel/framework/src/Illuminate/Foundation/Application.php(1028): Illuminate\\Container\\Container->make()
#6 /home/mohammadi/Desktop/5G-back/vendor/laravel/framework/src/Illuminate/Container/Container.php(1559): Illuminate\\Foundation\\Application->make()
#7 /home/mohammadi/Desktop/5G-back/vendor/laravel/framework/src/Illuminate/Support/Facades/Facade.php(237): Illuminate\\Container\\Container->offsetGet()
#8 /home/mohammadi/Desktop/5G-back/vendor/laravel/framework/src/Illuminate/Support/Facades/Facade.php(208): Illuminate\\Support\\Facades\\Facade::resolveFacadeInstance()
#9 /home/mohammadi/Desktop/5G-back/vendor/laravel/framework/src/Illuminate/Support/Facades/Facade.php(352): Illuminate\\Support\\Facades\\Facade::getFacadeRoot()
#10 /home/mohammadi/Desktop/5G-back/Modules/Log/app/Providers/LogServiceProvider.php(96): Illuminate\\Support\\Facades\\Facade::__callStatic()
#11 /home/mohammadi/Desktop/5G-back/Modules/Log/app/Providers/LogServiceProvider.php(26): Modules\\Log\\Providers\\LogServiceProvider->registerViews()
#12 /home/mohammadi/Desktop/5G-back/vendor/laravel/framework/src/Illuminate/Container/BoundMethod.php(36): Modules\\Log\\Providers\\LogServiceProvider->boot()
#13 /home/mohammadi/Desktop/5G-back/vendor/laravel/framework/src/Illuminate/Container/Util.php(43): Illuminate\\Container\\BoundMethod::Illuminate\\Container\\{closure}()
#14 /home/mohammadi/Desktop/5G-back/vendor/laravel/framework/src/Illuminate/Container/BoundMethod.php(95): Illuminate\\Container\\Util::unwrapIfClosure()
#15 /home/mohammadi/Desktop/5G-back/vendor/laravel/framework/src/Illuminate/Container/BoundMethod.php(35): Illuminate\\Container\\BoundMethod::callBoundMethod()
#16 /home/mohammadi/Desktop/5G-back/vendor/laravel/framework/src/Illuminate/Container/Container.php(690): Illuminate\\Container\\BoundMethod::call()
#17 /home/mohammadi/Desktop/5G-back/vendor/laravel/framework/src/Illuminate/Foundation/Application.php(1119): Illuminate\\Container\\Container->call()
#18 /home/mohammadi/Desktop/5G-back/vendor/laravel/framework/src/Illuminate/Foundation/Application.php(1100): Illuminate\\Foundation\\Application->bootProvider()
#19 [internal function]: Illuminate\\Foundation\\Application->Illuminate\\Foundation\\{closure}()
#20 /home/mohammadi/Desktop/5G-back/vendor/laravel/framework/src/Illuminate/Foundation/Application.php(1099): array_walk()
#21 /home/mohammadi/Desktop/5G-back/vendor/laravel/framework/src/Illuminate/Foundation/Bootstrap/BootProviders.php(17): Illuminate\\Foundation\\Application->boot()
#22 /home/mohammadi/Desktop/5G-back/vendor/laravel/framework/src/Illuminate/Foundation/Application.php(316): Illuminate\\Foundation\\Bootstrap\\BootProviders->bootstrap()
#23 /home/mohammadi/Desktop/5G-back/vendor/laravel/framework/src/Illuminate/Foundation/Console/Kernel.php(473): Illuminate\\Foundation\\Application->bootstrapWith()
#24 /home/mohammadi/Desktop/5G-back/vendor/laravel/framework/src/Illuminate/Foundation/Console/Kernel.php(195): Illuminate\\Foundation\\Console\\Kernel->bootstrap()
#25 Command line code(1): Illuminate\\Foundation\\Console\\Kernel->handle()
#26 {main}
"} 
[2025-01-10 08:34:27] local.ERROR: Please provide a valid cache path. {"exception":"[object] (InvalidArgumentException(code: 0): Please provide a valid cache path. at /home/mohammadi/Desktop/5G-back/vendor/laravel/framework/src/Illuminate/View/Compilers/Compiler.php:67)
[stacktrace]
#0 /home/mohammadi/Desktop/5G-back/vendor/laravel/framework/src/Illuminate/View/ViewServiceProvider.php(97): Illuminate\\View\\Compilers\\Compiler->__construct()
#1 /home/mohammadi/Desktop/5G-back/vendor/laravel/framework/src/Illuminate/Container/Container.php(931): Illuminate\\View\\ViewServiceProvider->Illuminate\\View\\{closure}()
#2 /home/mohammadi/Desktop/5G-back/vendor/laravel/framework/src/Illuminate/Container/Container.php(815): Illuminate\\Container\\Container->build()
#3 /home/mohammadi/Desktop/5G-back/vendor/laravel/framework/src/Illuminate/Foundation/Application.php(1046): Illuminate\\Container\\Container->resolve()
#4 /home/mohammadi/Desktop/5G-back/vendor/laravel/framework/src/Illuminate/Container/Container.php(751): Illuminate\\Foundation\\Application->resolve()
#5 /home/mohammadi/Desktop/5G-back/vendor/laravel/framework/src/Illuminate/Foundation/Application.php(1028): Illuminate\\Container\\Container->make()
#6 /home/mohammadi/Desktop/5G-back/vendor/laravel/framework/src/Illuminate/Container/Container.php(1559): Illuminate\\Foundation\\Application->make()
#7 /home/mohammadi/Desktop/5G-back/vendor/laravel/framework/src/Illuminate/Support/Facades/Facade.php(237): Illuminate\\Container\\Container->offsetGet()
#8 /home/mohammadi/Desktop/5G-back/vendor/laravel/framework/src/Illuminate/Support/Facades/Facade.php(208): Illuminate\\Support\\Facades\\Facade::resolveFacadeInstance()
#9 /home/mohammadi/Desktop/5G-back/vendor/laravel/framework/src/Illuminate/Support/Facades/Facade.php(352): Illuminate\\Support\\Facades\\Facade::getFacadeRoot()
#10 /home/mohammadi/Desktop/5G-back/Modules/Log/app/Providers/LogServiceProvider.php(96): Illuminate\\Support\\Facades\\Facade::__callStatic()
#11 /home/mohammadi/Desktop/5G-back/Modules/Log/app/Providers/LogServiceProvider.php(26): Modules\\Log\\Providers\\LogServiceProvider->registerViews()
#12 /home/mohammadi/Desktop/5G-back/vendor/laravel/framework/src/Illuminate/Container/BoundMethod.php(36): Modules\\Log\\Providers\\LogServiceProvider->boot()
#13 /home/mohammadi/Desktop/5G-back/vendor/laravel/framework/src/Illuminate/Container/Util.php(43): Illuminate\\Container\\BoundMethod::Illuminate\\Container\\{closure}()
#14 /home/mohammadi/Desktop/5G-back/vendor/laravel/framework/src/Illuminate/Container/BoundMethod.php(95): Illuminate\\Container\\Util::unwrapIfClosure()
#15 /home/mohammadi/Desktop/5G-back/vendor/laravel/framework/src/Illuminate/Container/BoundMethod.php(35): Illuminate\\Container\\BoundMethod::callBoundMethod()
#16 /home/mohammadi/Desktop/5G-back/vendor/laravel/framework/src/Illuminate/Container/Container.php(690): Illuminate\\Container\\BoundMethod::call()
#17 /home/mohammadi/Desktop/5G-back/vendor/laravel/framework/src/Illuminate/Foundation/Application.php(1119): Illuminate\\Container\\Container->call()
#18 /home/mohammadi/Desktop/5G-back/vendor/laravel/framework/src/Illuminate/Foundation/Application.php(1100): Illuminate\\Foundation\\Application->bootProvider()
#19 [internal function]: Illuminate\\Foundation\\Application->Illuminate\\Foundation\\{closure}()
#20 /home/mohammadi/Desktop/5G-back/vendor/laravel/framework/src/Illuminate/Foundation/Application.php(1099): array_walk()
#21 /home/mohammadi/Desktop/5G-back/vendor/laravel/framework/src/Illuminate/Foundation/Bootstrap/BootProviders.php(17): Illuminate\\Foundation\\Application->boot()
#22 /home/mohammadi/Desktop/5G-back/vendor/laravel/framework/src/Illuminate/Foundation/Application.php(316): Illuminate\\Foundation\\Bootstrap\\BootProviders->bootstrap()
#23 /home/mohammadi/Desktop/5G-back/vendor/laravel/framework/src/Illuminate/Foundation/Console/Kernel.php(473): Illuminate\\Foundation\\Application->bootstrapWith()
#24 /home/mohammadi/Desktop/5G-back/vendor/laravel/framework/src/Illuminate/Foundation/Console/Kernel.php(195): Illuminate\\Foundation\\Console\\Kernel->bootstrap()
#25 Command line code(1): Illuminate\\Foundation\\Console\\Kernel->handle()
#26 {main}
"} 
[2025-01-10 08:34:27] local.ERROR: Please provide a valid cache path. {"exception":"[object] (InvalidArgumentException(code: 0): Please provide a valid cache path. at /home/mohammadi/Desktop/5G-back/vendor/laravel/framework/src/Illuminate/View/Compilers/Compiler.php:67)
[stacktrace]
#0 /home/mohammadi/Desktop/5G-back/vendor/laravel/framework/src/Illuminate/View/ViewServiceProvider.php(97): Illuminate\\View\\Compilers\\Compiler->__construct()
#1 /home/mohammadi/Desktop/5G-back/vendor/laravel/framework/src/Illuminate/Container/Container.php(931): Illuminate\\View\\ViewServiceProvider->Illuminate\\View\\{closure}()
#2 /home/mohammadi/Desktop/5G-back/vendor/laravel/framework/src/Illuminate/Container/Container.php(815): Illuminate\\Container\\Container->build()
#3 /home/mohammadi/Desktop/5G-back/vendor/laravel/framework/src/Illuminate/Foundation/Application.php(1046): Illuminate\\Container\\Container->resolve()
#4 /home/mohammadi/Desktop/5G-back/vendor/laravel/framework/src/Illuminate/Container/Container.php(751): Illuminate\\Foundation\\Application->resolve()
#5 /home/mohammadi/Desktop/5G-back/vendor/laravel/framework/src/Illuminate/Foundation/Application.php(1028): Illuminate\\Container\\Container->make()
#6 /home/mohammadi/Desktop/5G-back/vendor/laravel/framework/src/Illuminate/Container/Container.php(1559): Illuminate\\Foundation\\Application->make()
#7 /home/mohammadi/Desktop/5G-back/vendor/laravel/framework/src/Illuminate/Support/Facades/Facade.php(237): Illuminate\\Container\\Container->offsetGet()
#8 /home/mohammadi/Desktop/5G-back/vendor/laravel/framework/src/Illuminate/Support/Facades/Facade.php(208): Illuminate\\Support\\Facades\\Facade::resolveFacadeInstance()
#9 /home/mohammadi/Desktop/5G-back/vendor/laravel/framework/src/Illuminate/Support/Facades/Facade.php(352): Illuminate\\Support\\Facades\\Facade::getFacadeRoot()
#10 /home/mohammadi/Desktop/5G-back/Modules/Log/app/Providers/LogServiceProvider.php(96): Illuminate\\Support\\Facades\\Facade::__callStatic()
#11 /home/mohammadi/Desktop/5G-back/Modules/Log/app/Providers/LogServiceProvider.php(26): Modules\\Log\\Providers\\LogServiceProvider->registerViews()
#12 /home/mohammadi/Desktop/5G-back/vendor/laravel/framework/src/Illuminate/Container/BoundMethod.php(36): Modules\\Log\\Providers\\LogServiceProvider->boot()
#13 /home/mohammadi/Desktop/5G-back/vendor/laravel/framework/src/Illuminate/Container/Util.php(43): Illuminate\\Container\\BoundMethod::Illuminate\\Container\\{closure}()
#14 /home/mohammadi/Desktop/5G-back/vendor/laravel/framework/src/Illuminate/Container/BoundMethod.php(95): Illuminate\\Container\\Util::unwrapIfClosure()
#15 /home/mohammadi/Desktop/5G-back/vendor/laravel/framework/src/Illuminate/Container/BoundMethod.php(35): Illuminate\\Container\\BoundMethod::callBoundMethod()
#16 /home/mohammadi/Desktop/5G-back/vendor/laravel/framework/src/Illuminate/Container/Container.php(690): Illuminate\\Container\\BoundMethod::call()
#17 /home/mohammadi/Desktop/5G-back/vendor/laravel/framework/src/Illuminate/Foundation/Application.php(1119): Illuminate\\Container\\Container->call()
#18 /home/mohammadi/Desktop/5G-back/vendor/laravel/framework/src/Illuminate/Foundation/Application.php(1100): Illuminate\\Foundation\\Application->bootProvider()
#19 [internal function]: Illuminate\\Foundation\\Application->Illuminate\\Foundation\\{closure}()
#20 /home/mohammadi/Desktop/5G-back/vendor/laravel/framework/src/Illuminate/Foundation/Application.php(1099): array_walk()
#21 /home/mohammadi/Desktop/5G-back/vendor/laravel/framework/src/Illuminate/Foundation/Bootstrap/BootProviders.php(17): Illuminate\\Foundation\\Application->boot()
#22 /home/mohammadi/Desktop/5G-back/vendor/laravel/framework/src/Illuminate/Foundation/Application.php(316): Illuminate\\Foundation\\Bootstrap\\BootProviders->bootstrap()
#23 /home/mohammadi/Desktop/5G-back/vendor/laravel/framework/src/Illuminate/Foundation/Console/Kernel.php(473): Illuminate\\Foundation\\Application->bootstrapWith()
#24 /home/mohammadi/Desktop/5G-back/vendor/laravel/framework/src/Illuminate/Foundation/Console/Kernel.php(195): Illuminate\\Foundation\\Console\\Kernel->bootstrap()
#25 Command line code(1): Illuminate\\Foundation\\Console\\Kernel->handle()
#26 {main}
"} 
[2025-01-10 08:35:03] local.ERROR: Please provide a valid cache path. {"exception":"[object] (InvalidArgumentException(code: 0): Please provide a valid cache path. at /home/mohammadi/Desktop/5G-back/vendor/laravel/framework/src/Illuminate/View/Compilers/Compiler.php:67)
[stacktrace]
#0 /home/mohammadi/Desktop/5G-back/vendor/laravel/framework/src/Illuminate/View/ViewServiceProvider.php(97): Illuminate\\View\\Compilers\\Compiler->__construct()
#1 /home/mohammadi/Desktop/5G-back/vendor/laravel/framework/src/Illuminate/Container/Container.php(931): Illuminate\\View\\ViewServiceProvider->Illuminate\\View\\{closure}()
#2 /home/mohammadi/Desktop/5G-back/vendor/laravel/framework/src/Illuminate/Container/Container.php(815): Illuminate\\Container\\Container->build()
#3 /home/mohammadi/Desktop/5G-back/vendor/laravel/framework/src/Illuminate/Foundation/Application.php(1046): Illuminate\\Container\\Container->resolve()
#4 /home/mohammadi/Desktop/5G-back/vendor/laravel/framework/src/Illuminate/Container/Container.php(751): Illuminate\\Foundation\\Application->resolve()
#5 /home/mohammadi/Desktop/5G-back/vendor/laravel/framework/src/Illuminate/Foundation/Application.php(1028): Illuminate\\Container\\Container->make()
#6 /home/mohammadi/Desktop/5G-back/vendor/laravel/framework/src/Illuminate/Container/Container.php(1559): Illuminate\\Foundation\\Application->make()
#7 /home/mohammadi/Desktop/5G-back/vendor/laravel/framework/src/Illuminate/Support/Facades/Facade.php(237): Illuminate\\Container\\Container->offsetGet()
#8 /home/mohammadi/Desktop/5G-back/vendor/laravel/framework/src/Illuminate/Support/Facades/Facade.php(208): Illuminate\\Support\\Facades\\Facade::resolveFacadeInstance()
#9 /home/mohammadi/Desktop/5G-back/vendor/laravel/framework/src/Illuminate/Support/Facades/Facade.php(352): Illuminate\\Support\\Facades\\Facade::getFacadeRoot()
#10 /home/mohammadi/Desktop/5G-back/Modules/Log/app/Providers/LogServiceProvider.php(96): Illuminate\\Support\\Facades\\Facade::__callStatic()
#11 /home/mohammadi/Desktop/5G-back/Modules/Log/app/Providers/LogServiceProvider.php(26): Modules\\Log\\Providers\\LogServiceProvider->registerViews()
#12 /home/mohammadi/Desktop/5G-back/vendor/laravel/framework/src/Illuminate/Container/BoundMethod.php(36): Modules\\Log\\Providers\\LogServiceProvider->boot()
#13 /home/mohammadi/Desktop/5G-back/vendor/laravel/framework/src/Illuminate/Container/Util.php(43): Illuminate\\Container\\BoundMethod::Illuminate\\Container\\{closure}()
#14 /home/mohammadi/Desktop/5G-back/vendor/laravel/framework/src/Illuminate/Container/BoundMethod.php(95): Illuminate\\Container\\Util::unwrapIfClosure()
#15 /home/mohammadi/Desktop/5G-back/vendor/laravel/framework/src/Illuminate/Container/BoundMethod.php(35): Illuminate\\Container\\BoundMethod::callBoundMethod()
#16 /home/mohammadi/Desktop/5G-back/vendor/laravel/framework/src/Illuminate/Container/Container.php(690): Illuminate\\Container\\BoundMethod::call()
#17 /home/mohammadi/Desktop/5G-back/vendor/laravel/framework/src/Illuminate/Foundation/Application.php(1119): Illuminate\\Container\\Container->call()
#18 /home/mohammadi/Desktop/5G-back/vendor/laravel/framework/src/Illuminate/Foundation/Application.php(1100): Illuminate\\Foundation\\Application->bootProvider()
#19 [internal function]: Illuminate\\Foundation\\Application->Illuminate\\Foundation\\{closure}()
#20 /home/mohammadi/Desktop/5G-back/vendor/laravel/framework/src/Illuminate/Foundation/Application.php(1099): array_walk()
#21 /home/mohammadi/Desktop/5G-back/vendor/laravel/framework/src/Illuminate/Foundation/Bootstrap/BootProviders.php(17): Illuminate\\Foundation\\Application->boot()
#22 /home/mohammadi/Desktop/5G-back/vendor/laravel/framework/src/Illuminate/Foundation/Application.php(316): Illuminate\\Foundation\\Bootstrap\\BootProviders->bootstrap()
#23 /home/mohammadi/Desktop/5G-back/vendor/laravel/framework/src/Illuminate/Foundation/Console/Kernel.php(473): Illuminate\\Foundation\\Application->bootstrapWith()
#24 /home/mohammadi/Desktop/5G-back/vendor/laravel/framework/src/Illuminate/Foundation/Console/Kernel.php(195): Illuminate\\Foundation\\Console\\Kernel->bootstrap()
#25 Command line code(1): Illuminate\\Foundation\\Console\\Kernel->handle()
#26 {main}
"} 
[2025-01-10 08:35:27] local.ERROR: Please provide a valid cache path. {"exception":"[object] (InvalidArgumentException(code: 0): Please provide a valid cache path. at /home/mohammadi/Desktop/5G-back/vendor/laravel/framework/src/Illuminate/View/Compilers/Compiler.php:67)
[stacktrace]
#0 /home/mohammadi/Desktop/5G-back/vendor/laravel/framework/src/Illuminate/View/ViewServiceProvider.php(97): Illuminate\\View\\Compilers\\Compiler->__construct()
#1 /home/mohammadi/Desktop/5G-back/vendor/laravel/framework/src/Illuminate/Container/Container.php(931): Illuminate\\View\\ViewServiceProvider->Illuminate\\View\\{closure}()
#2 /home/mohammadi/Desktop/5G-back/vendor/laravel/framework/src/Illuminate/Container/Container.php(815): Illuminate\\Container\\Container->build()
#3 /home/mohammadi/Desktop/5G-back/vendor/laravel/framework/src/Illuminate/Foundation/Application.php(1046): Illuminate\\Container\\Container->resolve()
#4 /home/mohammadi/Desktop/5G-back/vendor/laravel/framework/src/Illuminate/Container/Container.php(751): Illuminate\\Foundation\\Application->resolve()
#5 /home/mohammadi/Desktop/5G-back/vendor/laravel/framework/src/Illuminate/Foundation/Application.php(1028): Illuminate\\Container\\Container->make()
#6 /home/mohammadi/Desktop/5G-back/vendor/laravel/framework/src/Illuminate/Container/Container.php(1559): Illuminate\\Foundation\\Application->make()
#7 /home/mohammadi/Desktop/5G-back/vendor/laravel/framework/src/Illuminate/Support/Facades/Facade.php(237): Illuminate\\Container\\Container->offsetGet()
#8 /home/mohammadi/Desktop/5G-back/vendor/laravel/framework/src/Illuminate/Support/Facades/Facade.php(208): Illuminate\\Support\\Facades\\Facade::resolveFacadeInstance()
#9 /home/mohammadi/Desktop/5G-back/vendor/laravel/framework/src/Illuminate/Support/Facades/Facade.php(352): Illuminate\\Support\\Facades\\Facade::getFacadeRoot()
#10 /home/mohammadi/Desktop/5G-back/Modules/Log/app/Providers/LogServiceProvider.php(96): Illuminate\\Support\\Facades\\Facade::__callStatic()
#11 /home/mohammadi/Desktop/5G-back/Modules/Log/app/Providers/LogServiceProvider.php(26): Modules\\Log\\Providers\\LogServiceProvider->registerViews()
#12 /home/mohammadi/Desktop/5G-back/vendor/laravel/framework/src/Illuminate/Container/BoundMethod.php(36): Modules\\Log\\Providers\\LogServiceProvider->boot()
#13 /home/mohammadi/Desktop/5G-back/vendor/laravel/framework/src/Illuminate/Container/Util.php(43): Illuminate\\Container\\BoundMethod::Illuminate\\Container\\{closure}()
#14 /home/mohammadi/Desktop/5G-back/vendor/laravel/framework/src/Illuminate/Container/BoundMethod.php(95): Illuminate\\Container\\Util::unwrapIfClosure()
#15 /home/mohammadi/Desktop/5G-back/vendor/laravel/framework/src/Illuminate/Container/BoundMethod.php(35): Illuminate\\Container\\BoundMethod::callBoundMethod()
#16 /home/mohammadi/Desktop/5G-back/vendor/laravel/framework/src/Illuminate/Container/Container.php(690): Illuminate\\Container\\BoundMethod::call()
#17 /home/mohammadi/Desktop/5G-back/vendor/laravel/framework/src/Illuminate/Foundation/Application.php(1119): Illuminate\\Container\\Container->call()
#18 /home/mohammadi/Desktop/5G-back/vendor/laravel/framework/src/Illuminate/Foundation/Application.php(1100): Illuminate\\Foundation\\Application->bootProvider()
#19 [internal function]: Illuminate\\Foundation\\Application->Illuminate\\Foundation\\{closure}()
#20 /home/mohammadi/Desktop/5G-back/vendor/laravel/framework/src/Illuminate/Foundation/Application.php(1099): array_walk()
#21 /home/mohammadi/Desktop/5G-back/vendor/laravel/framework/src/Illuminate/Foundation/Bootstrap/BootProviders.php(17): Illuminate\\Foundation\\Application->boot()
#22 /home/mohammadi/Desktop/5G-back/vendor/laravel/framework/src/Illuminate/Foundation/Application.php(316): Illuminate\\Foundation\\Bootstrap\\BootProviders->bootstrap()
#23 /home/mohammadi/Desktop/5G-back/vendor/laravel/framework/src/Illuminate/Foundation/Console/Kernel.php(473): Illuminate\\Foundation\\Application->bootstrapWith()
#24 /home/mohammadi/Desktop/5G-back/vendor/laravel/framework/src/Illuminate/Foundation/Console/Kernel.php(195): Illuminate\\Foundation\\Console\\Kernel->bootstrap()
#25 Command line code(1): Illuminate\\Foundation\\Console\\Kernel->handle()
#26 {main}
"} 
[2025-01-10 08:35:27] local.ERROR: Please provide a valid cache path. {"exception":"[object] (InvalidArgumentException(code: 0): Please provide a valid cache path. at /home/mohammadi/Desktop/5G-back/vendor/laravel/framework/src/Illuminate/View/Compilers/Compiler.php:67)
[stacktrace]
#0 /home/mohammadi/Desktop/5G-back/vendor/laravel/framework/src/Illuminate/View/ViewServiceProvider.php(97): Illuminate\\View\\Compilers\\Compiler->__construct()
#1 /home/mohammadi/Desktop/5G-back/vendor/laravel/framework/src/Illuminate/Container/Container.php(931): Illuminate\\View\\ViewServiceProvider->Illuminate\\View\\{closure}()
#2 /home/mohammadi/Desktop/5G-back/vendor/laravel/framework/src/Illuminate/Container/Container.php(815): Illuminate\\Container\\Container->build()
#3 /home/mohammadi/Desktop/5G-back/vendor/laravel/framework/src/Illuminate/Foundation/Application.php(1046): Illuminate\\Container\\Container->resolve()
#4 /home/mohammadi/Desktop/5G-back/vendor/laravel/framework/src/Illuminate/Container/Container.php(751): Illuminate\\Foundation\\Application->resolve()
#5 /home/mohammadi/Desktop/5G-back/vendor/laravel/framework/src/Illuminate/Foundation/Application.php(1028): Illuminate\\Container\\Container->make()
#6 /home/mohammadi/Desktop/5G-back/vendor/laravel/framework/src/Illuminate/Container/Container.php(1559): Illuminate\\Foundation\\Application->make()
#7 /home/mohammadi/Desktop/5G-back/vendor/laravel/framework/src/Illuminate/Support/Facades/Facade.php(237): Illuminate\\Container\\Container->offsetGet()
#8 /home/mohammadi/Desktop/5G-back/vendor/laravel/framework/src/Illuminate/Support/Facades/Facade.php(208): Illuminate\\Support\\Facades\\Facade::resolveFacadeInstance()
#9 /home/mohammadi/Desktop/5G-back/vendor/laravel/framework/src/Illuminate/Support/Facades/Facade.php(352): Illuminate\\Support\\Facades\\Facade::getFacadeRoot()
#10 /home/mohammadi/Desktop/5G-back/Modules/Log/app/Providers/LogServiceProvider.php(96): Illuminate\\Support\\Facades\\Facade::__callStatic()
#11 /home/mohammadi/Desktop/5G-back/Modules/Log/app/Providers/LogServiceProvider.php(26): Modules\\Log\\Providers\\LogServiceProvider->registerViews()
#12 /home/mohammadi/Desktop/5G-back/vendor/laravel/framework/src/Illuminate/Container/BoundMethod.php(36): Modules\\Log\\Providers\\LogServiceProvider->boot()
#13 /home/mohammadi/Desktop/5G-back/vendor/laravel/framework/src/Illuminate/Container/Util.php(43): Illuminate\\Container\\BoundMethod::Illuminate\\Container\\{closure}()
#14 /home/mohammadi/Desktop/5G-back/vendor/laravel/framework/src/Illuminate/Container/BoundMethod.php(95): Illuminate\\Container\\Util::unwrapIfClosure()
#15 /home/mohammadi/Desktop/5G-back/vendor/laravel/framework/src/Illuminate/Container/BoundMethod.php(35): Illuminate\\Container\\BoundMethod::callBoundMethod()
#16 /home/mohammadi/Desktop/5G-back/vendor/laravel/framework/src/Illuminate/Container/Container.php(690): Illuminate\\Container\\BoundMethod::call()
#17 /home/mohammadi/Desktop/5G-back/vendor/laravel/framework/src/Illuminate/Foundation/Application.php(1119): Illuminate\\Container\\Container->call()
#18 /home/mohammadi/Desktop/5G-back/vendor/laravel/framework/src/Illuminate/Foundation/Application.php(1100): Illuminate\\Foundation\\Application->bootProvider()
#19 [internal function]: Illuminate\\Foundation\\Application->Illuminate\\Foundation\\{closure}()
#20 /home/mohammadi/Desktop/5G-back/vendor/laravel/framework/src/Illuminate/Foundation/Application.php(1099): array_walk()
#21 /home/mohammadi/Desktop/5G-back/vendor/laravel/framework/src/Illuminate/Foundation/Bootstrap/BootProviders.php(17): Illuminate\\Foundation\\Application->boot()
#22 /home/mohammadi/Desktop/5G-back/vendor/laravel/framework/src/Illuminate/Foundation/Application.php(316): Illuminate\\Foundation\\Bootstrap\\BootProviders->bootstrap()
#23 /home/mohammadi/Desktop/5G-back/vendor/laravel/framework/src/Illuminate/Foundation/Console/Kernel.php(473): Illuminate\\Foundation\\Application->bootstrapWith()
#24 /home/mohammadi/Desktop/5G-back/vendor/laravel/framework/src/Illuminate/Foundation/Console/Kernel.php(195): Illuminate\\Foundation\\Console\\Kernel->bootstrap()
#25 Command line code(1): Illuminate\\Foundation\\Console\\Kernel->handle()
#26 {main}
"} 
[2025-01-10 08:35:36] local.ERROR: Please provide a valid cache path. {"exception":"[object] (InvalidArgumentException(code: 0): Please provide a valid cache path. at /home/mohammadi/Desktop/5G-back/vendor/laravel/framework/src/Illuminate/View/Compilers/Compiler.php:67)
[stacktrace]
#0 /home/mohammadi/Desktop/5G-back/vendor/laravel/framework/src/Illuminate/View/ViewServiceProvider.php(97): Illuminate\\View\\Compilers\\Compiler->__construct()
#1 /home/mohammadi/Desktop/5G-back/vendor/laravel/framework/src/Illuminate/Container/Container.php(931): Illuminate\\View\\ViewServiceProvider->Illuminate\\View\\{closure}()
#2 /home/mohammadi/Desktop/5G-back/vendor/laravel/framework/src/Illuminate/Container/Container.php(815): Illuminate\\Container\\Container->build()
#3 /home/mohammadi/Desktop/5G-back/vendor/laravel/framework/src/Illuminate/Foundation/Application.php(1046): Illuminate\\Container\\Container->resolve()
#4 /home/mohammadi/Desktop/5G-back/vendor/laravel/framework/src/Illuminate/Container/Container.php(751): Illuminate\\Foundation\\Application->resolve()
#5 /home/mohammadi/Desktop/5G-back/vendor/laravel/framework/src/Illuminate/Foundation/Application.php(1028): Illuminate\\Container\\Container->make()
#6 /home/mohammadi/Desktop/5G-back/vendor/laravel/framework/src/Illuminate/Container/Container.php(1559): Illuminate\\Foundation\\Application->make()
#7 /home/mohammadi/Desktop/5G-back/vendor/laravel/framework/src/Illuminate/Support/Facades/Facade.php(237): Illuminate\\Container\\Container->offsetGet()
#8 /home/mohammadi/Desktop/5G-back/vendor/laravel/framework/src/Illuminate/Support/Facades/Facade.php(208): Illuminate\\Support\\Facades\\Facade::resolveFacadeInstance()
#9 /home/mohammadi/Desktop/5G-back/vendor/laravel/framework/src/Illuminate/Support/Facades/Facade.php(352): Illuminate\\Support\\Facades\\Facade::getFacadeRoot()
#10 /home/mohammadi/Desktop/5G-back/Modules/Log/app/Providers/LogServiceProvider.php(96): Illuminate\\Support\\Facades\\Facade::__callStatic()
#11 /home/mohammadi/Desktop/5G-back/Modules/Log/app/Providers/LogServiceProvider.php(26): Modules\\Log\\Providers\\LogServiceProvider->registerViews()
#12 /home/mohammadi/Desktop/5G-back/vendor/laravel/framework/src/Illuminate/Container/BoundMethod.php(36): Modules\\Log\\Providers\\LogServiceProvider->boot()
#13 /home/mohammadi/Desktop/5G-back/vendor/laravel/framework/src/Illuminate/Container/Util.php(43): Illuminate\\Container\\BoundMethod::Illuminate\\Container\\{closure}()
#14 /home/mohammadi/Desktop/5G-back/vendor/laravel/framework/src/Illuminate/Container/BoundMethod.php(95): Illuminate\\Container\\Util::unwrapIfClosure()
#15 /home/mohammadi/Desktop/5G-back/vendor/laravel/framework/src/Illuminate/Container/BoundMethod.php(35): Illuminate\\Container\\BoundMethod::callBoundMethod()
#16 /home/mohammadi/Desktop/5G-back/vendor/laravel/framework/src/Illuminate/Container/Container.php(690): Illuminate\\Container\\BoundMethod::call()
#17 /home/mohammadi/Desktop/5G-back/vendor/laravel/framework/src/Illuminate/Foundation/Application.php(1119): Illuminate\\Container\\Container->call()
#18 /home/mohammadi/Desktop/5G-back/vendor/laravel/framework/src/Illuminate/Foundation/Application.php(1100): Illuminate\\Foundation\\Application->bootProvider()
#19 [internal function]: Illuminate\\Foundation\\Application->Illuminate\\Foundation\\{closure}()
#20 /home/mohammadi/Desktop/5G-back/vendor/laravel/framework/src/Illuminate/Foundation/Application.php(1099): array_walk()
#21 /home/mohammadi/Desktop/5G-back/vendor/laravel/framework/src/Illuminate/Foundation/Bootstrap/BootProviders.php(17): Illuminate\\Foundation\\Application->boot()
#22 /home/mohammadi/Desktop/5G-back/vendor/laravel/framework/src/Illuminate/Foundation/Application.php(316): Illuminate\\Foundation\\Bootstrap\\BootProviders->bootstrap()
#23 /home/mohammadi/Desktop/5G-back/vendor/laravel/framework/src/Illuminate/Foundation/Console/Kernel.php(473): Illuminate\\Foundation\\Application->bootstrapWith()
#24 /home/mohammadi/Desktop/5G-back/vendor/laravel/framework/src/Illuminate/Foundation/Console/Kernel.php(195): Illuminate\\Foundation\\Console\\Kernel->bootstrap()
#25 /home/mohammadi/Desktop/5G-back/vendor/laravel/framework/src/Illuminate/Foundation/Application.php(1203): Illuminate\\Foundation\\Console\\Kernel->handle()
#26 /home/mohammadi/Desktop/5G-back/artisan(13): Illuminate\\Foundation\\Application->handleCommand()
#27 {main}
"} 
